Price,Close,Close.1,High,High.1,Low,Low.1,Open,Open.1,Volume,Volume.1,Return,MA5,MA10,Volatility,Direction,Prediction
2023-09-05,60.36859893798828,98.0,61.21510099511493,98.0199966430664,60.248986805971455,95.16500091552734,60.34099667828465,95.5999984741211,7043900.0,3334900.0,-0.0009135253264322,60.80288925170898,61.17921752929688,0.012065890619023,0,1
2023-09-06,60.27659606933594,97.66000366210938,60.69984714707766,98.3000030517578,60.05576392624139,95.63999938964844,60.18458618633192,97.16000366210938,7064800.0,3263000.0,-0.0015240186168118,60.504774475097655,61.03752098083496,0.0120734139157051,0,1
2023-09-07,60.3593978881836,96.68000030517578,60.883861900017536,96.9800033569336,59.853340063377374,94.64099884033205,60.40540633584939,95.66999816894533,7181400.0,2473600.0,0.001373697657917,60.27842712402344,60.96391143798828,0.0123937355033622,1,1
2023-09-08,60.580223083496094,97.66000366210938,60.62623153123048,99.0999984741211,59.899341580429095,96.08000183105467,60.18458132055592,96.6500015258789,5486000.0,3620000.0,0.0036585056020865,60.40172271728515,60.90410346984864,0.003748652711622,1,1
2023-09-11,63.257755279541016,101.87999725341795,63.47858038694386,102.0,60.5158160346666,97.8499984741211,60.6906397138083,98.19000244140624,15636300.0,4035100.0,0.0441981237400619,60.96851425170898,61.03568000793457,0.0195830928524042,1,1
2023-09-12,64.8863525390625,98.22000122070312,65.25439906855554,101.16000366210938,63.33136665730749,98.16999816894533,63.57979402827068,99.91999816894533,13581400.0,2843200.0,0.02574541654734,61.87206497192383,61.337477111816405,0.0197158805124332,1,1
2023-09-13,64.62871551513672,97.4800033569336,65.76966034275955,99.40499877929688,64.55511183263118,97.33000183105467,65.05196652413115,98.0500030517578,10486500.0,2226800.0,-0.0039705887886158,62.742488861083984,61.62363166809082,0.0202422299827493,0,1
2023-09-14,64.36189270019531,97.51000213623048,65.35561628845778,98.70999908447266,64.21467829076983,96.45999908447266,65.18999569041404,98.02999877929688,8425000.0,1932100.0,-0.0041285489401211,63.54298782348633,61.91070747375488,0.0212389357946345,0,0
2023-09-15,65.2083969116211,94.5500030517578,65.5856395107086,96.61000061035156,64.33428553634843,93.51000213623048,64.41709933901382,95.95999908447266,12757500.0,8094800.0,0.0131522578953495,64.46862258911133,62.43517265319824,0.0205985022447746,1,0
2023-09-18,65.05197143554688,94.5,65.42001795547387,95.49199676513672,64.69312800909151,93.25,65.26360046597352,93.8000030517578,9099900.0,1860200.0,-0.0023988548021848,64.8274658203125,62.89799003601074,0.0133516381995349,0,0
2023-09-19,66.23890686035156,92.88999938964844,66.49653727587061,94.0500030517578,65.25438661824532,91.72000122070312,65.3095981500725,94.0,9192400.0,2117100.0,0.0182459562502375,65.09797668457031,63.48502082824707,0.0106899245853764,1,0
2023-09-20,65.70525360107422,92.0500030517578,66.52415337145304,94.80999755859376,64.79433694151778,91.9800033569336,66.47814492686423,92.88999938964844,11581900.0,2935900.0,-0.0080564925445164,65.31328430175782,64.0278865814209,0.011587267182699,0,0
2023-09-21,66.14691925048828,88.41999816894531,66.62538191445284,91.33999633789062,65.40163000919907,88.12999725341797,65.65005741632724,91.0,9295900.0,4259200.0,0.0067219229088681,65.6702896118164,64.60663871765136,0.010824445867931,1,0
2023-09-22,65.46603393554688,88.76000213623047,66.43214826412635,89.7249984741211,65.4384316718595,87.26000213623047,65.78807204507336,89.0999984741211,6117100.0,2487600.0,-0.0102935302604645,65.72181701660156,65.09521980285645,0.0117383720545502,0,1
2023-09-25,66.7725830078125,88.83999633789062,66.80018526755009,88.87999725341797,65.21759019016402,87.4010009765625,65.4844237341329,87.83999633789062,5272100.0,1666000.0,0.0199576634434881,66.0659393310547,65.44670257568359,0.0141952429007234,1,1
2023-09-26,65.63165283203125,86.56999969482422,66.46895189504157,88.75,65.62244973773986,86.25,66.43214653778008,87.93000030517578,5821700.0,2835400.0,-0.0170868060570272,65.94448852539062,65.52123260498047,0.0149246230858196,0,1
2023-09-27,64.20548248291016,87.83000183105469,65.46603978996056,88.36000061035156,63.35898022791079,86.66000366210938,65.41082823774414,87.05999755859375,8214200.0,2256000.0,-0.0217299167030128,65.64453430175782,65.47890930175781,0.0174138637488511,0,1
2023-09-28,64.43549346923828,88.95999908447266,65.37401238659376,90.11000061035156,64.17786302758087,85.29000091552734,64.55511261708139,86.90499877929688,5676300.0,4128700.0,0.0035824197160942,65.30224914550782,65.48626937866212,0.0169593656291732,1,1
2023-09-29,64.24227142333984,91.08999633789062,64.82193992415532,93.22000122070312,64.0306424037324,90.9499969482422,64.47229960904643,91.83999633789062,5365800.0,3797900.0,-0.0029986896273352,65.0574966430664,65.38965682983398,0.0167144016502264,0,1
2023-10-02,64.12266540527344,91.83999633789062,64.18707302261366,93.3499984741211,63.055331152317,90.83000183105467,63.98464707671476,92.54000091552734,5342300.0,2538000.0,-0.0018617962194741,64.52751312255859,65.29672622680664,0.010815751910728,0,1
2023-10-03,63.717803955078125,86.97000122070312,64.22386874390988,91.3000030517578,63.46937661686247,86.41000366210938,63.72700704757582,90.62000274658205,4392300.0,3573900.0,-0.0063138587211943,64.14474334716797,65.0446159362793,0.0095576169768261,0,1
2023-10-04,63.46937942504883,88.52999877929688,63.87422425412375,88.73500061035156,62.65047263418801,86.55000305175781,63.67179832963476,86.83999633789062,6017100.0,3254900.0,-0.0038988244196934,63.9975227355957,64.82102851867675,0.003672544611996,0,1
2023-10-05,64.17787170410156,89.54000091552734,64.23307622909066,89.70999908447266,63.08293515912467,88.26000213623047,63.08293515912467,88.75,4498900.0,3625200.0,0.0111627415530255,63.94599838256836,64.62412376403809,0.0068751832500303,1,1
2023-10-06,64.31588745117188,94.43000030517578,64.88635290620543,94.8000030517578,63.61659974316872,87.5,63.98464627474426,87.58000183105469,4278800.0,4429700.0,0.0021505192273536,63.96072158813477,64.50910911560058,0.0068457385469934,1,1
2023-10-09,65.55802917480469,90.7300033569336,65.59483452479992,91.63500213623048,64.20546239706638,89.05000305175781,64.22386858201537,89.26000213623047,5634100.0,6148300.0,0.0193131397677726,64.24779434204102,64.38765373229981,0.0106866692404675,1,1
2023-10-10,65.99968719482422,91.62999725341795,66.27571679344743,93.6500015258789,65.20838970961262,90.51000213623048,65.46602014295541,90.7300033569336,6532100.0,4392800.0,0.0067369020328826,64.70417098999023,64.4244571685791,0.0088214190783196,1,1
2023-10-11,65.99968719482422,89.44000244140625,67.03020892819536,92.69499969482422,65.56723310175477,88.5,66.62536411290077,92.37000274658205,4776000.0,4182500.0,0.0,65.21023254394531,64.6038776397705,0.0077090990167431,0,1
2023-10-12,65.25439453125,87.9800033569336,66.4321377278133,90.37000274658205,65.01517027063151,87.1449966430664,66.24811798581398,89.41000366210938,6656400.0,3124800.0,-0.0112923666043173,65.425537109375,64.68576774597167,0.0111057202088586,0,1
2023-10-13,65.82485961914062,88.05999755859375,66.93819507979777,88.94000244140625,65.50282159662036,86.69999694824219,65.6868413180884,88.66000366210938,6610900.0,2887400.0,0.0087421711899791,65.72733154296876,64.84402656555176,0.0113123578587231,1,1
2023-10-16,65.77885437011719,90.5199966430664,67.48106144593838,91.72000122070312,65.34640028179393,87.8499984741211,66.93819832733871,88.3499984741211,8149800.0,2965100.0,-0.0006989038683807,65.77149658203125,65.00964546203613,0.0078642301380088,0,1
2023-10-17,66.25730895996094,90.41000366210938,67.0209970674871,91.47000122070312,65.45680848688433,87.7300033569336,65.49361383253287,88.4800033569336,5953400.0,2495500.0,0.0072736838369309,65.8230209350586,65.26359596252442,0.0079702350600726,1,1
2023-10-18,65.41080474853516,88.29000091552734,66.61615709042856,90.9000015258789,65.18077658663444,88.20999908447266,66.51494413760004,89.73999786376953,8486100.0,2755500.0,-0.0127760125594191,65.70524444580079,65.45773849487304,0.0100653743386723,0,1
2023-10-19,65.52680969238281,87.75,66.45482001848352,89.5199966430664,65.04424035792259,87.12000274658203,65.13704705465818,88.56999969482422,6453700.0,3383500.0,0.0017734829023068,65.75972747802734,65.59263229370117,0.0085508682634656,1,1
2023-10-20,64.07911682128906,86.08000183105469,66.05577629700969,89.0999984741211,64.05127056375186,84.91000366210938,66.00009794224931,87.83999633789062,7618600.0,3769600.0,-0.0220931383336069,65.41057891845703,65.56895523071289,0.0119080009114781,0,1
2023-10-23,64.0234375,85.68000030517578,64.51528189443518,86.08999633789062,63.62439273241261,83.8499984741211,63.80071697953378,84.8499984741211,6310000.0,3016600.0,-0.0008689152418306,65.05949554443359,65.41549606323242,0.0118917951556817,0,1
2023-10-24,64.0048828125,87.86000061035156,64.82152947167727,88.62999725341797,63.67079847916431,86.0999984741211,64.19976416025283,86.2699966430664,4958300.0,3660000.0,-0.0002898108602806,64.6090103149414,65.216015625,0.010254813516709,0,1
2023-10-25,63.59655380249024,81.58999633789062,64.06055901871171,86.6500015258789,63.10470940612071,81.55999755859375,63.67079633632353,86.0999984741211,8302700.0,4427000.0,-0.0063796540524251,64.24616012573242,64.9757022857666,0.0097156698630761,0,1
2023-10-26,63.08616256713867,80.72000122070312,63.91209141985164,83.72000122070312,62.70567482951464,79.41000366210938,63.10471966353451,82.02999877929688,6112300.0,5160800.0,-0.0080254542869834,63.75803070068359,64.75887908935547,0.0088097126525762,0,1
2023-10-27,61.51781463623047,81.68000030517578,63.01191205279312,82.44000244140625,61.25797283859487,80.45999908447266,62.9562266103298,81.80000305175781,6929900.0,3633800.0,-0.0248604110170611,63.24577026367187,64.32817459106445,0.0099644746240253,0,1
2023-10-30,63.113990783691406,80.41000366210938,63.26246876953185,81.56999969482422,61.74981433050398,79.37000274658203,61.7869355970035,81.16000366210938,7905400.0,4016200.0,0.025946567785275,63.06388092041016,64.06168823242187,0.0184351337496207,1,1
2023-10-31,64.04200744628906,81.47000122070312,64.17192835161872,82.51000213623047,63.28103910929031,79.54000091552734,63.45735629214724,80.77999877929688,9085200.0,3289200.0,0.0147038184572769,63.07130584716797,63.84015808105469,0.0200760493130513,1,1
2023-11-01,63.78216552734375,80.0999984741211,64.30184914778012,82.19999694824219,59.773160403593,78.66000366210938,61.0166910896824,82.0199966430664,17541500.0,5032900.0,-0.0040573668644481,63.10842819213868,63.677294158935545,0.0199097227323551,0,1
2023-11-02,64.62665557861328,79.23999786376953,65.22986386561384,83.56999969482422,63.15112216964275,77.80999755859375,63.531602821955886,81.80000305175781,9131600.0,6804200.0,0.0132402223143002,63.4165267944336,63.58727874755859,0.0198400097745349,1,1
2023-11-03,65.19273376464844,82.04000091552734,65.80522405685612,83.05000305175781,64.86793152491308,79.0,64.96073115338635,79.47000122070312,8030200.0,5744700.0,0.0087592059494177,64.1515106201172,63.69864044189453,0.0108547348493366,1,1
2023-11-06,65.96298217773438,79.55000305175781,66.2042597885804,82.87000274658203,65.22985309826161,79.06999969482422,65.2391351848811,82.83000183105469,5802300.0,9905400.0,0.0118149426877327,64.72130889892578,63.89259490966797,0.0075652429132396,1,1
2023-11-07,65.19273376464844,102.1999969482422,66.11146212280215,104.43000030517578,65.13705540359604,96.16999816894533,65.85162033101385,98.98999786376952,5719700.0,29134800.0,-0.0116769798401554,64.95145416259766,64.01138000488281,0.0109436816841682,0,1
2023-11-08,63.80071258544922,99.98999786376952,65.61961205099371,103.95999908447266,63.80071258544922,99.20999908447266,65.16488895464688,101.6999969482422,6124000.0,8377600.0,-0.0213523977108328,64.95516357421874,64.03179588317872,0.0156825822951134,0,1
2023-11-09,61.9354248046875,100.2300033569336,63.81001016169527,102.4800033569336,61.870464346582814,99.5999984741211,63.76360680012381,100.48999786376952,6625700.0,6947700.0,-0.029236159051727,64.41691741943359,63.91672210693359,0.0181363718516584,0,1
2023-11-10,62.80774688720703,103.6500015258789,62.84486815444062,103.8499984741211,61.36005286588587,99.51000213623048,61.991100248541365,99.8499984741211,5753400.0,5086400.0,0.0140843803892585,63.939920043945314,64.04571533203125,0.0194967438737271,1,1
2023-11-13,62.91911315917969,104.25,63.0490340595192,105.86000061035156,62.21382321436658,102.73999786376952,62.696385547033614,103.48999786376952,4230900.0,4727100.0,0.0017731295499685,63.331146240234375,64.02622756958007,0.0174485136464207,1,1
2023-11-14,63.56872177124024,109.0199966430664,64.67305657569061,109.19000244140624,63.16039486939468,104.4000015258789,63.16039486939468,106.58999633789062,7270700.0,5824800.0,0.0103245036276513,63.006343841552734,63.9788990020752,0.0193626647730535,1,1
2023-11-15,64.15335845947266,109.44000244140624,64.38536106690911,112.11000061035156,63.57799652433117,109.0999984741211,63.754313691475645,109.98999786376952,6782600.0,5196800.0,0.0091969237691502,63.07687301635743,64.01601829528809,0.0176060983213991,1,1
2023-11-16,63.33671951293945,109.12000274658205,64.41321514049996,110.69000244140624,62.65926870178037,108.26000213623048,64.3204084221417,109.19000244140624,8517400.0,2477600.0,-0.0127294808275563,63.35713195800781,63.8870246887207,0.0106317055009593,0,1
2023-11-17,63.85639572143555,109.54000091552734,64.04200205639863,110.0,63.17895206925408,108.73999786376952,63.95847743562581,109.06999969482422,6446800.0,2294600.0,0.0082049751312101,63.56686172485352,63.753390884399415,0.0095843250365952,1,1
2023-11-20,63.34599685668945,111.7699966430664,63.83784127445529,112.19000244140624,62.90983080164185,109.12999725341795,63.47591775647069,109.5199966430664,6418300.0,4091400.0,-0.0079929169033065,63.65223846435547,63.49169235229492,0.0108928369238606,0,1
2023-11-21,63.178955078125,111.93000030517578,63.61512113586329,112.18000030517578,62.81703155790771,108.62000274658205,63.51303941681143,109.72000122070312,4829400.0,3508600.0,-0.0026369745027828,63.57428512573242,63.290314483642575,0.0097170824235797,0,1
2023-11-22,64.16263580322266,112.12999725341795,64.24616041740752,113.56999969482422,63.420224682242974,110.72000122070312,63.420224682242974,112.94499969482422,4421800.0,2506400.0,0.0155697529957763,63.576140594482425,63.326506805419925,0.0116467201224231,1,1
2023-11-24,64.4224853515625,112.87000274658205,64.48744580148144,113.12000274658205,63.8007200337443,111.16000366210938,63.8007200337443,112.13999938964844,2215900.0,1304800.0,0.0040498577573522,63.79329376220703,63.57521286010742,0.0091903349315931,1,1
2023-11-27,63.79143905639648,111.91999816894533,64.59881073099959,114.16000366210938,63.680082328974095,111.56500244140624,64.37609019599665,112.63999938964844,6334300.0,2878900.0,-0.0097954354247948,63.78030242919922,63.67358207702637,0.0103135788022086,0,1
2023-11-28,64.32968139648438,114.23999786376952,64.52456273314266,114.84400177001952,63.66151276785165,112.1500015258789,63.90279745711514,112.26000213623048,4291800.0,3620600.0,0.0084375324973002,63.9770393371582,63.81463890075683,0.009799084679893,1,1
2023-11-29,62.08390045166016,116.6500015258789,63.949203436520094,117.72000122070312,62.03749709714887,115.0,63.79143627927642,115.18000030517578,9856300.0,4193700.0,-0.0349104938198394,63.75802841186523,63.66615676879883,0.0199328073144342,0,1
2023-11-30,63.05830764770508,116.56999969482422,63.1511143574234,120.26000213623048,61.90757666480841,115.51000213623048,62.26950017620461,118.19000244140624,12331300.0,4798200.0,0.0156950060958815,63.53716278076172,63.55665168762207,0.0199625538502305,1,1
2023-12-01,63.55015182495117,118.62000274658205,63.69862979913324,118.7699966430664,62.51077768504842,116.08000183105467,63.02118620914288,117.29000091552734,7094700.0,3584900.0,0.0077998315462879,63.36269607543945,63.57799491882325,0.0203741436298986,1,1
2023-12-04,63.55015182495117,118.18000030517578,64.47816217409957,118.40499877929688,62.89125824651758,115.29299926757812,63.48519138371707,117.4000015258789,7413600.0,4501500.0,0.0,63.31443862915039,63.547370529174806,0.0199707991687684,0,1
2023-12-05,65.90729522705078,118.06999969482422,66.6033030242451,118.8000030517578,64.71016804641512,115.86000061035156,65.12776989266872,117.72000122070312,14773700.0,2703800.0,0.0370910742840135,63.62996139526367,63.80350036621094,0.0263145185202026,1,1
2023-12-06,68.2087631225586,114.30999755859376,68.997570531754,118.9499969482422,66.16714311285787,114.2300033569336,66.27849982747155,118.0,16318800.0,4064500.0,0.034919774625544,64.85493392944336,64.3064811706543,0.0164167734893146,1,1
2023-12-07,68.68205261230469,115.0,69.67502347048402,117.47899627685548,68.19020822649964,114.3499984741211,68.64493134618539,117.08000183105467,11383400.0,2870500.0,0.0069388370068472,65.97968292236328,64.7584228515625,0.0173134884309678,1,0
2023-12-08,69.69358825683594,113.83000183105467,70.08335097387761,114.38999938964844,68.56141429576961,112.25,69.01614454580992,113.27999877929688,10516100.0,3127600.0,0.0147278016025693,67.20837020874023,65.28553314208985,0.0166215200637584,1,0
2023-12-11,68.4500503540039,114.7300033569336,70.09262567715187,115.9000015258789,68.41292908769759,114.0999984741211,69.8791872460876,114.81999969482422,8336200.0,2689400.0,-0.0178429312356442,68.18834991455078,65.75139427185059,0.0225188158005435,0,0
2023-12-12,68.29228973388672,114.66000366210938,68.92333716113446,115.5,68.09740837725764,112.58999633789062,68.54285653538003,113.45999908447266,7249500.0,1939500.0,-0.0023047553552012,68.66534881591797,66.14765510559081,0.0196377964101713,0,0
2023-12-13,69.86990356445312,117.2300033569336,69.95342110161755,117.45999908447266,68.20876410599438,113.5,68.34796708142585,114.72000122070312,9012700.0,4162600.0,0.023100906950314,68.99757690429688,66.92625541687012,0.015820572857651,1,0
2023-12-14,69.12750244140625,120.6500015258789,70.32463687548986,120.96499633789062,68.9511852551014,117.68499755859376,69.96271333497138,119.01000213623048,8469000.0,5620800.0,-0.0106254779980057,69.08666687011718,67.53317489624024,0.017155077796817,0,0
2023-12-15,69.07181549072266,122.5999984741211,69.24813973527175,123.822998046875,67.78188157992919,120.72100067138672,68.35725058624475,121.58999633789062,12916100.0,6436400.0,-0.0008055686769646,68.96231231689453,68.08534126281738,0.015463739926248,0,0
2023-12-18,69.48943328857422,123.2699966430664,69.8049605838351,124.1500015258789,69.05327424066766,121.69000244140624,69.60079711281203,122.44000244140624,7785900.0,2550900.0,0.0060461390059691,69.1701889038086,68.67926940917968,0.0126645966355354,1,1
2023-12-19,70.77008056640625,122.41000366210938,70.92784064738434,124.69000244140624,69.18318350914645,121.58499908447266,69.5172678454283,124.4499969482422,9035400.0,2753100.0,0.0184293815221343,69.6657470703125,69.16554794311523,0.0138030958030173,1,1
2023-12-20,71.67952728271484,120.62000274658205,72.82098328503962,123.48999786376952,70.66799926095479,120.16000366210938,71.10416531810199,121.66999816894533,13112000.0,2606800.0,0.0128507232015262,70.02767181396484,69.51262435913085,0.0114102636302759,1,1
2023-12-21,72.9601821899414,122.4800033569336,73.0901030830779,123.12999725341795,71.94864714462699,120.66000366210938,72.01360759119524,122.75,9138900.0,2426900.0,0.0178663972235122,70.79420776367188,69.94043731689453,0.0082098317805073,1,0
2023-12-22,73.09010314941406,122.48999786376952,73.47058374247125,123.45999908447266,72.71889756290528,121.20999908447266,73.3499449359229,123.20999908447266,6079400.0,2202500.0,0.0017807104584035,71.59786529541016,70.28008880615235,0.0073233447317877,1,0
2023-12-26,73.31283569335938,123.55999755859376,73.55412042618705,123.81999969482422,72.84883040416089,122.25,72.96946923049532,122.8499984741211,4069000.0,1142800.0,0.0030473694022568,72.36254577636718,70.7663673400879,0.0079655136931543,1,0
2023-12-27,73.14578247070312,123.5999984741211,73.51698806209072,124.16000366210938,72.85810150045266,122.61000061035156,73.00657948891305,124.0,4184600.0,1400300.0,-0.0022786353996041,72.83768615722656,71.25171661376953,0.008376543708195,0,0
2023-12-28,73.28498077392578,123.27999877929688,73.67474343392904,124.4800033569336,72.9508964710209,122.81999969482422,73.07153527145316,124.0,3877600.0,1506200.0,0.0019030256908989,73.15877685546874,71.5932243347168,0.0077597174181569,1,0
2023-12-29,73.27571105957031,121.37999725341795,73.46131741483154,123.7249984741211,72.97874797131084,120.88999938964844,73.20146851746581,123.0,3788700.0,2194100.0,-0.0001264885964024,73.22188262939453,72.0080451965332,0.0020942929687742,0,0
2024-01-02,75.02965545654297,115.08000183105467,75.54934620609922,119.2249984741211,73.22003762192108,114.27799987792967,73.22003762192108,119.2249984741211,8780100.0,4431200.0,0.0239362316872882,73.60979309082032,72.60382919311523,0.0106160884409756,1,0
2024-01-03,75.0574722290039,112.41999816894533,75.82772249482939,114.2300033569336,74.94611552176148,111.2699966430664,75.54004156091064,113.76000213623048,6836200.0,3666000.0,0.0003707437051614,73.95872039794922,73.1606330871582,0.0108233069008888,1,0
2024-01-04,74.71412658691406,113.0199966430664,75.09460720640972,113.86000061035156,73.00658360238467,110.69499969482422,74.47284187689355,111.6449966430664,22085600.0,3675300.0,-0.0045744365203543,74.2723892211914,73.55503768920899,0.011237387865059,0,0
2024-01-05,75.55860900878906,115.98999786376952,76.25461684508261,117.04000091552734,74.76051945675984,112.98799896240234,74.81620489817065,113.0199966430664,21756100.0,4539500.0,0.0113028480750909,74.72711486816407,73.94294586181641,0.0115185120814601,1,0
2024-01-08,74.87188720703125,119.25,77.25687390193883,119.83999633789062,73.1736262976966,116.61000061035156,76.32886340461823,116.61000061035156,22172800.0,3002400.0,-0.0090885977225696,75.04635009765624,74.1341163635254,0.0133044238834167,0,0
2024-01-09,74.57491302490234,121.18000030517578,75.19667826627175,121.73999786376952,74.29650708510495,118.27999877929688,74.75123725878451,118.45999908447266,20724500.0,2560100.0,-0.0039664311026077,74.95540161132813,74.28259735107422,0.0077469024979591,0,0
2024-01-10,73.5355453491211,120.19000244140624,74.54708041131053,121.9990005493164,73.05298303515764,118.43000030517578,74.2872386207027,121.75,11833200.0,4219600.0,-0.013937229473324,74.65101623535156,74.30486831665038,0.0094754511338891,0,1
2024-01-11,73.24786376953125,120.87999725341795,73.7489902530361,121.86000061035156,73.06226451496993,118.43000030517578,73.65619062575543,121.45500183105467,15508100.0,3001600.0,-0.0039121431441628,74.357763671875,74.3150764465332,0.0094709636435679,0,1
2024-01-12,71.04847717285156,123.0,72.64465626589394,123.08999633789062,70.29679098049283,120.01000213623048,72.01360888213668,121.0,15458400.0,3665100.0,-0.0300266312694099,73.4557373046875,74.09142608642578,0.0108047078806423,0,1
2024-01-16,71.8465576171875,123.79000091552734,71.86512178856371,124.88999938964844,70.65870553475783,121.95999908447266,71.13199278265483,122.76000213623048,12435000.0,3105600.0,0.0112329000717963,72.85067138671874,73.9485107421875,0.0151923794155966,1,1
2024-01-17,71.44752502441406,126.02999877929688,72.05073325372608,126.06500244140624,71.19696530955176,120.27999877929688,71.57744592547719,122.80999755859376,7922200.0,6172400.0,-0.0055539556244234,72.22519378662109,73.59029769897461,0.0151001317609655,0,1
2024-01-18,68.56140899658203,126.91999816894533,68.70989406597373,128.63999938964844,67.29931422738385,123.91999816894533,67.86540116416353,128.2100067138672,14358600.0,4072000.0,-0.0403949055876439,71.23036651611328,72.94069137573243,0.0209939382388795,0,1
2024-01-19,68.56609344482422,130.30999755859375,68.91257144750463,130.5,68.10724014306429,126.62000274658205,68.5941854834777,128.0500030517578,16165400.0,3972200.0,6.832485374430597e-05,70.29401245117188,72.32588806152344,0.0215280279021967,1,1
2024-01-22,69.23096466064453,132.97999572753906,69.69918435748524,136.0749969482422,68.36944213312938,131.7899932861328,68.71592013633352,133.39999389648438,13278400.0,4908000.0,0.0096967930126474,69.93050994873047,71.69312362670898,0.0209660225814047,1,1
2024-01-23,70.32659912109375,129.00999450683594,70.34533191042335,133.14999389648438,69.23096671268318,128.55999755859375,69.2871507917404,133.0,7168800.0,5797500.0,0.0158257864211452,69.62651824951172,71.23859481811523,0.0219328151256739,1,1
2024-01-24,69.47444152832031,122.58000183105467,71.73125677226867,130.4949951171875,69.28714936122013,122.22000122070312,71.16002816542802,130.4949951171875,17535800.0,10499800.0,-0.0121171449127822,69.23190155029297,70.72854766845703,0.0222379852642518,0,1
2024-01-25,67.41427612304688,122.19000244140624,67.77948694846366,123.68900299072266,65.72868934676933,119.33999633789062,66.95542277858127,123.61000061035156,27493900.0,9432000.0,-0.0296535727377331,69.00247497558594,70.11642074584961,0.0181541337146714,0,1
2024-01-26,68.36007690429688,123.9499969482422,68.37880254892492,124.91999816894533,67.38617906092718,120.58999633789062,68.04169093436013,121.45999908447266,11689200.0,4501600.0,0.0140296808872306,68.96127166748047,69.62764205932618,0.0197894575641942,1,1
2024-01-29,68.80957794189453,128.8699951171875,68.95940454750868,128.94000244140625,68.22898287703191,124.58999633789062,68.28516696107891,124.77999877929688,10291700.0,3609600.0,0.006575490519517,68.87699432373047,69.40375213623047,0.0194356727898354,1,1
2024-01-30,69.15603637695312,126.83000183105467,69.52124710863606,129.05999755859375,68.86574249906784,125.51000213623048,69.29650369170758,128.36000061035156,7220000.0,3371500.0,0.0050350321193826,68.64288177490235,69.13470001220703,0.0176035610714066,1,1
2024-01-31,69.64299774169922,124.44000244140624,70.22358557216205,127.31999969482422,69.13731963020668,122.5500030517578,69.59617291593561,123.29000091552734,8678700.0,3983600.0,0.0070414874862374,68.67659301757813,68.95424728393554,0.0172663226534112,1,1
2024-02-01,69.22159576416016,126.9000015258789,69.77409870158341,127.5500030517578,68.79083451597296,123.87000274658205,69.69918183812511,125.66999816894533,10532300.0,3222400.0,-0.0060508879744379,69.03805694580078,69.02026596069337,0.0072418303456724,0,1
2024-02-02,68.44435119628906,134.30999755859375,69.62426682142537,135.22000122070312,68.37880072514068,130.25,69.29651446568349,132.01499938964844,10539900.0,7697200.0,-0.0112283538004409,69.05491180419922,69.00809173583984,0.0083738200033298,0,1
2024-02-05,67.83567810058594,131.13999938964844,68.59419179185024,137.92999267578125,67.03969882838398,129.8000030517578,68.44435804596452,135.13999938964844,23864100.0,4089800.0,-0.0088929631892854,68.8601318359375,68.86856307983399,0.0083212137628724,0,1
2024-02-06,69.07176971435547,129.17999267578125,69.45570613972562,132.77999877929688,67.83567003562277,126.8499984741211,67.83567003562277,132.0800018310547,11651700.0,3693800.0,0.0182218509253591,68.84327850341796,68.74308013916016,0.0124822589914226,1,1
2024-02-07,71.21622467041016,130.6199951171875,72.48041652813154,132.8699951171875,70.28914444954378,130.16000366210938,70.37342771710718,131.3000030517578,14953200.0,3696300.0,0.0310467643282201,69.15792388916016,68.91725845336914,0.0189144294216062,1,1
2024-02-08,70.30787658691406,131.4499969482422,71.0476646199169,133.24000549316406,69.83029046040011,127.87000274658205,71.03829822483769,128.0800018310547,12115600.0,4361300.0,-0.0127547913091425,69.37518005371093,69.20661849975586,0.0200626518326941,0,1
2024-02-09,71.46905517578125,134.91000366210938,71.49714721484503,137.85000610351562,69.72727730917026,134.67999267578125,70.23295544571529,135.80999755859375,9000500.0,6683400.0,0.0165156259189787,69.98012084960938,69.5175163269043,0.0188471942894181,1,1
2024-02-12,72.37740325927734,134.85000610351562,73.06100003148322,137.10499572753906,70.80418475593807,133.30999755859375,71.16939555631453,135.1300048828125,11201500.0,9412800.0,0.012709669678184,70.88846588134766,69.87429885864258,0.016035876674983,1,0
2024-02-13,71.72188568115234,131.67999267578125,73.32320324101897,138.61000061035156,71.33794926655361,123.5,72.19947174540142,126.5,8859800.0,15677800.0,-0.009056936952777,71.41848907470703,70.1308837890625,0.0183512708282686,0,0
2024-02-14,71.55333709716797,136.14999389648438,72.61151103405504,137.9320068359375,71.2068519514515,133.4149932861328,71.88108945421568,134.7899932861328,9769200.0,8112800.0,-0.0023500300136234,71.4859115600586,70.32191772460938,0.0130327392569057,0,0
2024-02-15,71.73126220703125,131.83999633789062,72.97672842086475,137.4499969482422,71.6750781248772,131.32000732421875,71.84363751580554,136.36000061035156,13529900.0,6140200.0,0.0024866081315209,71.77058868408203,70.57288436889648,0.0105543531240829,1,0
2024-02-16,72.19947814941406,129.74000549316406,72.51787126864296,132.47999572753906,71.4971485815317,128.44000244140625,71.87172577996212,131.97999572753906,8242900.0,4977600.0,0.006527362379759,71.91667327880859,70.94839706420899,0.0083154882856958,1,0
2024-02-20,71.4596939086914,127.66000366210938,72.63960964529186,129.0500030517578,71.30050091293037,125.0999984741211,72.03092255886096,128.0,6924000.0,3732100.0,-0.0102463931829492,71.7331314086914,71.31079864501953,0.0072349527787492,0,1
2024-02-21,72.24629211425781,125.83999633789062,72.47103554173364,126.6500015258789,71.328578473329,123.43299865722656,71.46904579467568,124.80999755859376,18722700.0,3498800.0,0.0110075787138339,71.8380126953125,71.62825088500976,0.0082073318410163,1,1
2024-02-22,72.19947814941406,131.1199951171875,72.57405534784449,132.52000427246094,71.86235938527327,129.75999450683594,72.24630297839255,130.1999969482422,5698600.0,4298600.0,-0.0006479774044281,71.96724090576171,71.72657623291016,0.0080421365130305,0,1
2024-02-23,72.2931137084961,129.50999450683594,72.59277400952074,132.77999877929688,71.74998432470872,129.13499450683594,72.37739696365638,131.77000427246094,4337200.0,3498400.0,0.001296900773829,72.0796112060547,71.92509994506835,0.0080352809270586,1,1
2024-02-26,71.57205963134766,129.35000610351562,72.99544429630402,131.5,71.4409586942253,128.77999877929688,72.48040694174199,130.0,5296400.0,2323900.0,-0.0099740354255026,71.95412750244141,71.935400390625,0.0088468978164374,0,1
2024-02-27,71.42223358154297,130.9499969482422,72.19011364340545,132.17999267578125,71.30049902526616,129.89500427246094,71.60015936295723,130.86000061035156,5245100.0,1963200.0,-0.0020933594838042,71.94663543701172,71.83988342285156,0.0075348919283846,0,1
2024-02-28,70.41088104248047,130.47000122070312,71.41287091854768,132.0500030517578,70.00821181315631,128.8300018310547,71.25367079014275,129.7899932861328,6782700.0,2108100.0,-0.0141601919787042,71.57955322265624,71.70878295898437,0.0066261375311244,0,1
2024-02-29,69.64299774169922,131.4600067138672,71.09447446232164,134.302001953125,68.8657513586015,129.41000366210938,70.84163897880805,130.47000122070312,14536300.0,5176400.0,-0.0109057476545133,71.06825714111328,71.5177490234375,0.0064834763040519,0,1
2024-03-01,69.14668273925781,130.22000122070312,69.92392916573809,131.94000244140625,68.39753549648329,129.1999969482422,69.88647073192949,131.75,8495700.0,3470200.0,-0.0071265600065379,70.43897094726563,71.25929107666016,0.0045362459645403,0,1
2024-03-04,69.19351196289062,130.6699981689453,70.14868422451895,131.8699951171875,68.97813488539241,126.4000015258789,69.25906244010307,129.38999938964844,13748500.0,5378200.0,0.000677244688793,69.96326141357422,70.95869445800781,0.0061067022147066,1,1
2024-03-05,69.02495574951172,123.52999877929688,70.59817441949204,129.25,68.68783695276834,122.02999877929688,69.43699142207953,129.08999633789062,14982800.0,6143600.0,-0.0024360118253472,69.48380584716797,70.71522064208985,0.006043371102765,0,1
2024-03-06,69.61490631103516,124.58999633789062,69.96139148465636,127.0,68.75338371899262,122.19000244140624,68.89385106745885,126.75,8839800.0,4474600.0,0.0085469169102307,69.32461090087891,70.45208206176758,0.0074813029407243,1,1
2024-03-07,69.57744598388672,122.88999938964844,70.1954922346225,125.0,68.89384212050973,121.5199966430664,69.62426366431804,125.0,6711800.0,3884600.0,-0.0005381078440451,69.3115005493164,70.18987884521485,0.0057089045236997,0,1
2024-03-08,70.29850769042969,121.30999755859376,70.5794423770806,125.6999969482422,69.399526695399,120.77999877929688,69.6242701580402,122.0,6082900.0,3727200.0,0.0103634402836509,69.54186553955078,69.9904182434082,0.0057430718906894,1,1
2024-03-11,71.11321258544922,121.4499969482422,71.5907915506332,122.3499984741211,69.79282956008373,118.4000015258789,69.99884737775488,120.1500015258789,6267800.0,3695700.0,0.0115892203374672,69.9258056640625,69.94453353881836,0.0065087298833281,1,1
2024-03-12,70.42960357666016,122.98999786376952,71.06638262876129,123.06999969482422,69.90519982003522,119.91999816894533,71.00083215918318,121.6999969482422,4637900.0,3067100.0,-0.0096129676038421,70.20673522949218,69.84527053833008,0.0090089831558525,0,1
2024-03-13,70.30787658691406,123.58999633789062,71.17876557316134,125.41999816894533,70.00821624457447,121.5199966430664,70.37342706353628,122.47000122070312,5155700.0,3302700.0,-0.0017283497785642,70.34532928466797,69.83497009277343,0.0089036903506533,0,1
2024-03-14,71.56269073486328,122.6500015258789,71.63760759473199,123.8499984741211,69.55871117239792,120.08999633789062,70.01756443627998,122.62999725341795,7849100.0,2720700.0,0.0178474192204913,70.74237823486328,70.02693939208984,0.0111092011677574,1,0
2024-03-15,72.48040771484375,120.41999816894533,72.67705912262483,123.5,70.7948140131983,119.79000091552734,70.7948140131983,122.95999908447266,17144800.0,4325700.0,0.0128239585537743,71.17875823974609,70.36031188964844,0.0114180807143432,1,0
2024-03-18,72.63960266113281,120.87000274658205,72.70515313217105,122.8499984741211,71.53460390329856,120.55999755859376,72.3493087386014,121.52999877929688,7117400.0,2068700.0,0.002196385910457,71.48403625488281,70.70492095947266,0.0110739238519686,1,0
2024-03-19,73.09845733642578,121.80999755859376,73.8850701481791,121.91000366210938,72.75197933060576,118.75,72.9392643529698,119.44000244140624,7178000.0,2699000.0,0.0063168665367505,72.01780700683594,71.11227111816406,0.0079073352617226,1,0
2024-03-20,73.9599838256836,123.44000244140624,73.97870946932628,124.08000183105467,72.69578497361019,121.2300033569336,72.79879387480824,122.63999938964844,6446400.0,2929600.0,0.0117858368103824,72.74822845458985,71.54677886962891,0.0060625788069827,1,0
2024-03-21,73.29510498046875,122.86000061035156,73.92252477647038,127.45999908447266,72.48040731620864,122.37999725341795,73.59476528750591,125.01000213623048,8800000.0,2096300.0,-0.0089897105275454,73.09471130371094,71.91854476928711,0.008837676135427,0,0
2024-03-22,73.49176788330078,123.0199966430664,74.44693293589452,123.4010009765625,73.39811822692836,121.16999816894533,73.39811822692836,122.6500015258789,11110500.0,1503800.0,0.0026831655795354,73.29698333740234,72.23787078857421,0.007623792968019,1,0
2024-03-25,73.9599838256836,122.66000366210938,74.75595585310607,123.29000091552734,73.55731461494535,121.0,73.81951649273485,122.2300033569336,7956600.0,1140900.0,0.006370998492325,73.5610595703125,72.52254791259766,0.0077685830262963,1,0
2024-03-26,74.27837371826172,123.4499969482422,74.68104295035575,124.29000091552734,72.72388801272444,122.37000274658205,72.72388801272444,123.56999969482422,10158900.0,2132900.0,0.0043048940265932,73.79704284667969,72.90742492675781,0.0076459786833981,1,0
2024-03-27,74.38138580322266,123.51000213623048,74.90578960902134,125.95999908447266,73.70714825607234,122.33000183105467,74.49376110923639,125.30999755859376,10263500.0,2281800.0,0.0013868381845794,73.8813232421875,73.31477584838868,0.0059672563319652,1,0
2024-03-28,74.6904067993164,123.5999984741211,75.61747978320506,125.36000061035156,74.27837118671458,122.14900207519533,74.48438899301549,123.16000366210938,8981300.0,1887200.0,0.0041545474416311,74.16038360595704,73.62754745483399,0.0018747894477591,1,0
2024-04-01,74.50311279296875,123.1500015258789,74.89642275183807,124.31999969482422,74.07235154703119,121.55999755859376,74.66231291310254,123.86499786376952,8967700.0,2187800.0,-0.0025076045823514,74.36265258789062,73.82981796264649,0.0034279137192394,0,0
2024-04-02,69.1279525756836,124.38999938964844,70.41087705801624,124.5500030517578,67.38617481200609,118.73999786376952,70.12057600109316,120.48999786376952,23677300.0,2680300.0,-0.0721467871043428,73.39624633789063,73.47865295410156,0.033200694233391,0,1
2024-04-03,69.85838317871094,121.51000213623048,69.95202569701287,125.47000122070312,68.65974179772722,121.46499633789062,69.3339793606471,123.83000183105467,9200700.0,2742000.0,0.010566356673556,72.51224822998047,73.15464553833007,0.0341201422083839,1,1
2024-04-04,69.20287322998047,120.72000122070312,70.48579063813801,125.55500030517578,69.09049792974373,120.55999755859376,70.12057984295069,122.58999633789062,5816300.0,2736500.0,-0.0093834113946432,71.47654571533204,72.67893447875977,0.0334194443436854,0,1
2024-04-05,69.83965301513672,124.4000015258789,70.34533115461595,125.7300033569336,69.01558176066726,119.8000030517578,69.3527005203201,121.04000091552734,6366400.0,2528600.0,0.0092016379585866,70.50639495849609,72.33338928222656,0.0341675714621202,1,1
2024-04-08,69.70854949951172,125.76000213623048,69.99884342010864,125.9800033569336,69.13732090807132,122.83699798583984,69.68045746132046,125.33999633789062,6497000.0,1475400.0,-0.0018772074310934,69.54748229980468,71.95506744384765,0.0342164226177428,0,1
2024-04-09,68.69719696044922,125.44000244140624,70.09248970671973,128.5,68.46308710361684,124.37999725341795,69.98948079815622,127.1999969482422,5933600.0,1913200.0,-0.0145082998616917,69.46133117675781,71.42878875732421,0.0110812781143181,0,1
2024-04-10,66.62767028808594,125.81999969482422,68.52864128529687,125.97899627685548,66.33736919167112,121.4000015258789,68.45372441238554,121.5,8366100.0,3279800.0,-0.0301253437393488,68.81518859863282,70.66371841430664,0.0146477756212892,0,1
2024-04-11,65.30728149414062,130.8000030517578,66.68384854974506,131.3300018310547,65.26982306095469,127.0,66.5995724334259,127.79000091552734,10455300.0,5160800.0,-0.0198174240257267,68.03607025146485,69.75630798339844,0.0153806770893867,0,1
2024-04-12,64.2771987915039,127.51000213623048,65.41965598390357,131.5800018310547,63.97753847419133,127.4499969482422,65.119995666591,129.08999633789062,7691000.0,3652400.0,-0.0157728614492878,66.92357940673828,68.7149871826172,0.0101851011064055,0,1
2024-04-15,64.57686614990234,125.81999969482422,65.55076407347275,130.22000122070312,64.40830675650619,125.37999725341795,64.72669989712838,127.91000366210938,7236200.0,3846300.0,0.0046621097999379,65.89724273681641,67.72236251831055,0.012642765865584,1,1
2024-04-16,64.64241027832031,126.9499969482422,67.10525045904099,128.2899932861328,64.5862262008627,124.8499984741211,67.10525045904099,125.94000244140624,9607400.0,3016900.0,0.0010149784640496,65.08628540039062,67.27380828857422,0.0145850090667348,1,1
2024-04-17,64.23973846435547,123.5500030517578,64.98889280777715,128.08999633789062,63.64041784740426,123.44000244140624,64.69859174885696,127.22799682617188,8100100.0,3477100.0,-0.0062292202940936,64.60869903564453,66.71194381713867,0.0105098432342314,0,1
2024-04-18,64.97953796386719,125.0199966430664,65.17618940646547,126.7699966430664,64.48322615952867,122.4000015258789,64.77352012558329,123.9000015258789,10087100.0,2595600.0,0.0115162283844323,64.54315032958985,66.28961029052735,0.0104684103938303,1,1
2024-04-19,65.94866180419922,120.08999633789062,66.12830921280528,125.66999816894533,65.04098216327839,119.9000015258789,65.40026976689396,124.83000183105467,7809700.0,3628000.0,0.0149142925711618,64.8774429321289,65.9005111694336,0.008406694816727,1,1
2024-04-22,65.835205078125,122.06999969482422,66.2985055722275,122.48999786376952,65.36245477168366,118.45999908447266,65.7028355694092,120.4800033569336,5701600.0,2971400.0,-0.001720379503849,65.12911071777344,65.51317672729492,0.0089698758503226,0,1
2024-04-23,64.76679992675781,126.44000244140624,66.38360530747283,131.47999572753906,64.65333724239956,123.75,66.01486060030615,125.5,8450700.0,5101200.0,-0.0162284776070695,65.15398864746093,65.12013702392578,0.0128371659183759,0,1
2024-04-24,64.07657623291016,127.06999969482422,64.49259882957526,130.3800048828125,63.80238739085091,125.56999969482422,64.38859318040899,126.69000244140624,8652000.0,3283700.0,-0.0106570603245521,65.12135620117188,64.8650276184082,0.0135463029548031,0,1
2024-04-25,63.660552978515625,125.25,64.05766147336035,126.52999877929688,63.23507340809916,122.58999633789062,63.8212863387723,123.5500030517578,8918200.0,2950800.0,-0.006492594936445,64.85755920410156,64.7003547668457,0.0118638683821454,0,1
2024-04-26,63.51873016357422,131.4499969482422,63.74564828622026,132.89999389648438,63.112164619801646,128.11000061035156,63.54709402720534,131.33999633789062,6396400.0,5116600.0,-0.0022277974083773,64.37157287597657,64.62450790405273,0.0060902035224651,0,1
2024-04-29,63.774017333984375,129.07000732421875,64.1805829108063,132.02000427246094,63.42418670263369,128.45599365234375,63.48091443450728,132.0,6538900.0,2730600.0,0.0040190849179877,63.95933532714844,64.54422302246094,0.0077566193367986,1,1
2024-04-30,64.01985168457031,125.5,64.47369519563944,129.83999633789062,63.27290526415109,125.4499969482422,63.53764430660897,128.25,13488500.0,3417800.0,0.0038547728504934,63.80994567871094,64.48196716308594,0.0064271996865036,1,1
2024-05-01,53.24114227294922,126.41999816894533,53.78953076795573,129.6199951171875,51.05703449872298,123.38999938964844,52.94803577645346,127.0199966430664,65673500.0,4214300.0,-0.1683651106336273,61.64285888671875,63.38210754394531,0.0753299799073203,0,1
2024-05-02,52.14435958862305,125.45999908447266,53.64770568850671,128.58999633789062,50.77338299579352,124.5999984741211,53.3167783140728,127.66000366210938,37885200.0,3795400.0,-0.0206002846201784,59.33962020874024,62.098589706420896,0.0743067323573909,0,1
2024-05-03,52.85348510742188,124.2699966430664,53.35459927242867,127.87999725341795,51.96471223297383,123.52999877929688,52.21054440936104,127.55999755859376,23946100.0,3884500.0,0.0135992756338991,57.20657119750977,60.78907203674317,0.0764467188049269,1,1
2024-05-06,52.91967391967773,126.97000122070312,53.2033234007416,127.0,52.30509703837367,122.12999725341795,52.9385843659885,123.5199966430664,16620100.0,5721700.0,0.0012523074329218,55.03570251464844,59.49751892089844,0.0761165585719545,1,1
2024-05-07,52.70221328735352,112.4000015258789,53.978637854599576,116.3499984741211,52.55093331192584,110.34200286865234,52.62657149624012,113.26000213623048,17488100.0,21740200.0,-0.0041092587353102,52.77217483520508,58.291060256958005,0.0752028659399664,0,1
2024-05-08,51.91743850708008,117.27999877929688,53.00476565457196,117.75,51.70942721807849,113.37000274658205,52.749480056287815,114.0999984741211,13625300.0,8316200.0,-0.0148907366754131,52.50743408203125,57.075146484375,0.0134814756602522,0,1
2024-05-09,52.64547729492188,115.87000274658205,52.70220863324701,118.31999969482422,51.73779752251259,115.75,51.90798793068917,118.11000061035156,10300500.0,3444000.0,0.0140230105486141,52.60765762329102,55.97363891601562,0.0122706143353659,1,1
2024-05-10,52.77784729003906,118.97000122070312,53.3640566975256,119.44000244140624,52.54147212173656,115.66000366210938,52.68329866543759,116.5199966430664,9288400.0,5174700.0,0.0025143659421233,52.59253005981445,54.89955062866211,0.0105221458143652,1,1
2024-05-13,53.39242172241211,118.26000213623048,54.41356052712641,119.8000030517578,52.83457620652232,118.11000061035156,52.86294007124257,119.38999938964844,11767600.0,3235200.0,0.0116445528555886,52.68707962036133,53.86139106750488,0.0118355495866762,1,1
2024-05-14,52.94803237915039,116.75,53.98808157245003,118.41300201416016,52.1916326379508,115.9000015258789,53.600426479660335,118.0,15410700.0,3449700.0,-0.0083230789862296,52.73624343872071,52.75420913696289,0.0124963367029577,0,1
2024-05-15,53.19386672973633,118.47000122070312,53.41133506036432,119.0,52.60765731737959,117.62999725341795,53.14659241704284,118.83000183105467,16431000.0,3526100.0,0.0046429364707183,52.99152908325196,52.7494815826416,0.0087938254395574,1,1
2024-05-16,54.385196685791016,120.61000061035156,54.583750952515466,122.16000366210938,53.22223134337808,118.25,53.288416098952894,118.83999633789062,13974800.0,3363000.0,0.0223960021952815,53.33947296142578,52.9735652923584,0.0113817710893557,1,1
2024-05-17,54.53647994995117,120.06999969482422,54.55539039651926,122.11000061035156,53.96918098010408,119.83999633789062,54.50811608349848,119.83999633789062,9607700.0,2069500.0,0.0027816993111966,53.691199493408206,53.14186477661133,0.011358531638682,1,1
2024-05-20,54.27174377441406,121.29000091552734,54.716126668409096,122.13999938964844,54.148827668637146,119.66500091552734,54.50811895878556,120.06999969482422,11475900.0,2359900.0,-0.0048542952493461,53.86706390380859,53.27707176208496,0.0119196665750796,0,1
2024-05-21,54.19609451293945,122.33000183105467,54.35683149168917,123.30999755859376,53.609885146413895,120.11000061035156,54.31901060177175,120.41999816894533,16758100.0,2769300.0,-0.0013938977488737,54.116676330566406,53.42645988464356,0.0105504825162742,0,1
2024-05-22,54.30955505371094,122.75,54.42301772655061,123.29000091552734,54.0448160306824,121.16999816894533,54.290644608237656,122.91000366210938,9543900.0,1629700.0,0.0020935187635042,54.339813995361325,53.66567153930664,0.0106162044108331,1,1
2024-05-23,52.61711502075195,122.12000274658205,56.474755973579,125.44000244140624,52.45637802736808,122.01000213623048,54.06372992721224,124.54000091552734,18271100.0,2699600.0,-0.0311628410743781,53.98619766235352,53.66283531188965,0.0141159006484736,0,1
2024-05-24,52.51310729980469,123.5999984741211,53.7517108508119,125.37999725341795,52.503650273437394,121.0,53.07095283111593,121.7699966430664,11725700.0,2182900.0,-0.0019766899212593,53.58152313232422,53.63636131286621,0.0134791354714822,0,1
2024-05-28,50.70720291137695,122.11000061035156,52.3712825353978,124.13500213623048,50.65992859833297,120.94499969482422,52.36182911550856,123.76000213623048,14387100.0,2197700.0,-0.0343895930232727,52.8686149597168,53.3678394317627,0.0178238839241459,0,1
2024-05-29,50.74501419067383,121.68000030517578,50.79229210492007,122.16000366210938,49.89406583621847,120.13999938964844,50.30063137250658,120.3000030517578,16543400.0,1777700.0,0.0007456786635018,52.17839889526367,53.14753761291504,0.0182047769291965,1,1
2024-05-30,52.98585891723633,117.4499969482422,53.156049328001664,123.83000183105467,50.6788349521057,117.18000030517578,50.74501971109235,123.4000015258789,16151200.0,4386500.0,0.0441589141771159,51.91365966796875,53.12673683166504,0.0316459552349966,1,1
2024-05-31,56.35183334350586,110.18000030517578,56.37074378799491,115.18000030517578,52.77784229144092,108.08000183105467,52.94803268504386,114.75,22366700.0,10483000.0,0.0635259009677877,52.66060333251953,53.32340049743652,0.0391599513074416,1,1
2024-06-03,56.92859649658203,109.33999633789062,57.14606122558827,111.43800354003906,55.78454151088877,108.29000091552734,55.90745761225715,111.0,17087300.0,5068300.0,0.0102350379544953,53.543701171875,53.56261215209961,0.0382525135510315,1,1
2024-06-04,56.975868225097656,108.83999633789062,57.12714818653321,110.20999908447266,56.096555928927664,107.3000030517578,56.90968346739452,108.44000244140624,12873100.0,4575200.0,0.0008303687676274,54.79743423461914,53.83302459716797,0.0284415949677583,1,1
2024-06-05,57.39189147949219,110.4800033569336,57.40134489921539,110.63999938964844,56.37074902304287,108.06800079345705,56.97586887569484,110.0,8933000.0,4473300.0,0.0073017448852368,56.126809692382814,54.152604293823245,0.0272327519874396,1,0
2024-06-06,57.61880874633789,109.62000274658205,57.68499350379226,112.8000030517578,56.64494422368171,109.5,57.20278975565342,110.4800033569336,9545900.0,2450100.0,0.003953821018894,57.053399658203126,54.48352966308594,0.0261533776300195,1,0
2024-06-07,58.413028717041016,109.47000122070312,58.57376570228996,110.79000091552734,57.259520382307656,107.83000183105467,57.39188989557224,109.44000244140624,12240000.0,4033800.0,0.013784040107452,57.46563873291016,55.06312103271485,0.0050911458931745,1,0
2024-06-10,56.99477767944336,112.98999786376952,58.17665348471913,113.94000244140624,56.64494345098537,108.98999786376952,58.17665348471913,109.0,10629800.0,3280100.0,-0.0242797038391523,57.47887496948242,55.51128807067871,0.0145656760843514,0,0
2024-06-11,56.73003768920898,114.9000015258789,56.92859195548954,114.9800033569336,56.31401871126897,112.5500030517578,56.80567947072463,113.38999938964844,10286300.0,4775500.0,-0.0046449868042887,57.429708862304686,56.11357154846191,0.0147225090007781,0,1
2024-06-12,56.72058868408203,119.11000061035156,57.042059066943935,120.31999969482422,56.087101338384045,116.6999969482422,56.69222121040669,117.26000213623048,10617900.0,5458900.0,-0.0001665608822386,57.295448303222656,56.71112899780273,0.0140620076009596,0,1
2024-06-13,57.70390319824219,119.54000091552734,58.46976001898137,121.2699966430664,55.85072280005709,118.81999969482422,56.60712259454094,120.41999816894533,14136600.0,5067400.0,0.0173361126351658,57.31246719360352,57.18293342590332,0.0165893409936155,1,1
2024-06-14,56.93804931640625,117.83999633789062,57.6093539007112,118.8000030517578,55.93581734622235,115.73999786376952,57.5998968745668,118.5,11690800.0,3618900.0,-0.013272133068795,57.01747131347656,57.24155502319336,0.0155122944193174,0,1
2024-06-17,57.76063537597656,117.16999816894533,57.90246191748074,118.16000366210938,56.57875955277095,114.69100189208984,56.73003951386932,117.05999755859376,7791300.0,3645600.0,0.0144470361989252,57.1706428527832,57.32475891113281,0.0129371145569564,1,1
2024-06-18,57.68499374389648,116.5,58.4981248894905,118.0,57.55262422843677,116.0500030517578,57.95918980123378,117.0,8908800.0,2474600.0,-0.0013095706372985,57.3616340637207,57.3956714630127,0.0125410569127593,0,1
2024-06-20,57.675540924072266,116.08000183105467,57.98755787672823,116.3000030517578,57.10824196425994,114.68000030517578,57.49589709505143,116.18000030517578,6899500.0,3275500.0,-0.0001638696515454,57.55262451171875,57.4240364074707,0.0125408652544551,0,1
2024-06-21,58.02537536621094,117.56999969482422,58.27120756131224,117.9499969482422,57.18388034325408,115.93000030517578,57.78900019765906,117.23999786376952,20869800.0,4954800.0,0.0060655597942151,57.6169189453125,57.46469306945801,0.0102071972799482,1,1
2024-06-24,58.36575698852539,118.48999786376952,58.68722736644802,120.2300033569336,57.93082753804151,116.5999984741211,58.14829226328345,116.6999969482422,8704700.0,2297200.0,0.0058660822125877,57.90246047973633,57.45996589660645,0.0062770702651102,1,1
2024-06-25,57.14605712890625,119.12999725341795,58.60212897365979,120.13999938964844,57.14605712890625,118.18000030517578,58.36575381471143,119.04000091552734,8399900.0,3217900.0,-0.0208975248939019,57.779544830322266,57.475093841552734,0.0110437133437499,0,1
2024-06-26,57.32570266723633,123.19000244140624,57.62826257216674,124.16500091552734,56.5125715701864,118.3000030517578,56.94750098267404,118.80999755859376,8197800.0,3964900.0,0.0031436208787747,57.70768661499024,57.53466033935547,0.0112987934519086,1,1
2024-06-27,55.179420471191406,128.4499969482422,55.30233656996133,128.8800048828125,54.10155026899071,122.6500015258789,55.18887389103577,123.19000244140624,16224700.0,4411400.0,-0.0374401376029115,57.20846252441406,57.3805435180664,0.0196546921545672,0,1
2024-06-28,55.841270446777344,129.69000244140625,56.72058635177818,131.12899780273438,55.28342491141981,128.3000030517578,55.78453910855836,129.88999938964844,14343500.0,7170800.0,0.01199450755253,56.77164154052734,57.19428024291992,0.0209037951646783,1,1
2024-07-01,54.980865478515625,130.5,56.74895072393334,131.99000549316406,54.659395106003416,127.95999908447266,55.97364046201546,129.0399932861328,8337900.0,3938200.0,-0.015408047871722,56.09466323852539,56.99856185913086,0.0196383503710519,0,1
2024-07-02,54.385196685791016,131.75,55.04704784833786,132.36000061035156,54.11100063738181,129.8800048828125,54.87685744634585,130.08999633789062,7143000.0,2856000.0,-0.0108341108773082,55.54249114990235,56.66101799011231,0.0189670313786829,0,1
2024-07-03,53.60988998413086,131.5,54.69721361638638,133.14999389648438,53.37351481101459,130.8300018310547,54.42302115673867,130.8300018310547,5371400.0,1773600.0,-0.01425584072334,54.79932861328125,56.25350761413574,0.0175637022910473,0,1
2024-07-05,53.53424453735352,134.55999755859375,53.64770720958714,134.8000030517578,52.80620862111507,130.75,53.581518847384864,131.0,6275300.0,2535000.0,-0.001411035292177,54.47029342651367,55.83937797546387,0.0114553299473222,0,1
2024-07-08,53.78953170776367,132.39999389648438,54.25282861589377,132.80999755859375,53.53424609799387,129.07000732421875,53.562613570278586,131.5800018310547,5908200.0,3769900.0,0.004768670457879,54.05994567871094,55.41579360961914,0.0087587784367101,1,1
2024-07-09,54.4797477722168,126.62999725341795,54.58375342334198,131.6999969482422,52.79675772833317,125.3499984741211,53.203323306295886,131.6999969482422,8833500.0,4834400.0,0.0128317916616758,53.95972213745117,55.02719268798828,0.0111147334736755,1,1
2024-07-10,54.3946533203125,126.29000091552734,54.88631410992888,128.13999938964844,53.2884192487748,123.91000366210938,54.7161236978771,127.5500030517578,11035000.0,2717600.0,-0.0015619465101065,53.961613464355466,54.752052307128906,0.0099376451462653,0,1
2024-07-11,55.037593841552734,127.19000244140624,55.160509940134204,129.7100067138672,54.29064743703292,125.8000030517578,54.29064743703292,126.41000366210938,7529500.0,4250200.0,0.011819921297304,54.24715423583984,54.52324142456055,0.0069217649794437,1,1
2024-07-12,55.78453826904297,127.8000030517578,56.32347335021694,128.85000610351562,54.697211080401445,125.08999633789062,55.12268709364373,126.98999786376952,8220000.0,2863600.0,0.0135715312998712,54.69721298217773,54.583753204345705,0.0065276971487345,1,1
2024-07-15,55.47252655029297,129.4149932861328,56.70168039475769,130.59800720214844,55.236151365865,126.16999816894533,56.38966342004921,129.375,6186500.0,2503300.0,-0.0055931576818867,55.03381195068359,54.54687881469727,0.0090723357364376,0,1
2024-07-16,56.78676986694336,130.77000427246094,56.94750324484821,131.64999389648438,55.60489406423574,129.30999755859375,56.08709780474901,131.5,9724200.0,3156900.0,0.0236917875997384,55.495216369628906,54.72746925354004,0.0119093153975617,1,1
2024-07-17,58.24283599853516,121.16000366210938,58.63049110346637,125.06999969482422,56.50311473588808,120.25,56.60712037983523,123.5,12382500.0,6842700.0,0.0256409395181924,56.26485290527344,55.113233184814455,0.0124310030943554,1,1
2024-07-18,56.64494323730469,118.81999969482422,58.61158630112823,123.20999908447266,56.51257372470093,117.86000061035156,57.67553907988941,121.6999969482422,6968900.0,3715600.0,-0.0274350095395536,56.58632278442383,55.41673851013184,0.0224075435798152,0,1
2024-07-19,56.3234748840332,119.02999877929688,57.16496990714001,120.5199966430664,55.90745588575536,118.20500183105467,56.994779497208434,118.58000183105467,7143900.0,2538600.0,-0.0056751465338176,56.69411010742188,55.695661544799805,0.0224295126052146,0,1
2024-07-22,55.77367782592773,121.22000122070312,56.47168499211451,122.56999969482422,55.5346341259658,119.48999786376952,56.29957323634052,119.56999969482422,7913600.0,3191100.0,-0.0097614193591122,56.75434036254883,55.89407615661621,0.0228614392993222,0,1
2024-07-23,55.42945098876953,123.20999908447266,55.65893088435511,125.3499984741211,54.80793594715068,121.77999877929688,55.620683019251786,121.81999969482422,7460500.0,2347100.0,-0.0061718511415465,56.48287658691406,55.98904647827148,0.0191454080025042,0,1
2024-07-24,55.97446823120117,117.31999969482422,56.06052410074418,123.01000213623048,54.91311372267643,117.23999786376952,55.534628741322265,121.87000274658205,10223200.0,3574600.0,0.0098326292739587,56.02920303344727,56.14702796936035,0.0132989413534611,1,1
2024-07-25,56.07965087890625,120.30999755859376,57.40873320568134,121.98999786376952,55.716303450447775,116.51000213623048,56.29000684484139,118.2699966430664,8178000.0,3478600.0,0.0018791183021269,55.91614456176758,56.251233673095705,0.0078454957357216,1,1
2024-07-26,58.32666015625,118.30999755859376,58.42227617290909,121.45999908447266,56.32825476893026,117.5199966430664,56.4334345757656,121.43000030517578,14553200.0,3817500.0,0.0400681752137821,56.31678161621094,56.505445861816405,0.0198875017746321,1,1
2024-07-29,58.87167739868164,117.91999816894533,59.3210806856618,119.9499969482422,57.62865098838276,117.41000366210938,58.03024262120299,119.0,9237800.0,2165100.0,0.0093442216813306,56.93638153076172,56.84536094665528,0.017515176746899,1,1
2024-07-30,60.4111213684082,114.68000030517578,61.11868864515103,117.94000244140624,58.96729544441716,113.58000183105467,58.96729544441716,117.87000274658205,10469400.0,4164300.0,0.0261491439984185,57.932715606689456,57.20779609680176,0.0154388890760839,1,1
2024-07-31,57.68602752685547,116.44000244140624,59.37845371574069,117.88999938964844,57.49479183704684,114.83999633789062,58.173675070725935,115.5,12826600.0,3345800.0,-0.0451091418239724,58.27502746582032,57.15211524963379,0.0324262672621276,0,1
2024-08-01,57.399173736572266,113.0999984741211,58.85255991230106,116.69000244140624,56.84459423324486,111.30999755859376,58.21192452858453,115.01000213623048,9214900.0,4260400.0,-0.0049726736712744,58.53893203735352,57.22753829956055,0.0328110871273112,0,1
2024-08-02,56.72029113769531,107.25,57.98244163292924,109.91999816894533,55.639812548701066,106.1999969482422,57.599973885974514,109.88999938964844,8695500.0,5247300.0,-0.0118273932303035,58.21765823364258,57.26721992492676,0.0266034877792191,0,1
2024-08-05,55.276466369628906,104.97000122070312,56.18482950945441,106.2300033569336,54.56889541440424,98.8000030517578,55.45813826809053,99.93000030517578,9479800.0,5975800.0,-0.0254551720223252,57.49861602783203,57.21749877929688,0.0263710630362061,0,1
2024-08-06,55.78323745727539,105.47000122070312,56.37606480643766,107.22000122070312,54.817502523196254,103.51000213623048,55.16172238406904,105.63999938964844,11471900.0,4623000.0,0.0091679356682778,56.57303924560547,57.25287742614746,0.0206671805808568,1,1
2024-08-07,53.99519348144531,108.04000091552734,56.04140702131468,111.25,53.80395778713133,107.2699966430664,55.45813979503991,108.6999969482422,14976000.0,7819200.0,-0.0320534278276614,55.83487243652344,57.05494995117188,0.0163965759189161,0,1
2024-08-08,55.3147087097168,114.05999755859376,55.55375240102502,118.06999969482422,53.74658267833759,111.0199966430664,53.83263855310924,115.08000183105467,11683600.0,9763000.0,0.0244376423750554,55.41797943115235,56.97845573425293,0.0236706154669646,1,1
2024-08-09,54.60714340209961,112.27999877929688,55.31471071136673,115.4499969482422,54.16730386958033,110.62999725341795,55.26690270087853,113.73999786376952,8345000.0,4515400.0,-0.0127916303659915,54.9953498840332,56.60650405883789,0.0237221612383015,0,1
2024-08-12,53.36411666870117,112.16000366210938,54.712322984928925,113.1999969482422,53.16331718946245,110.0999984741211,54.70275919436084,113.0500030517578,8390200.0,3557600.0,-0.0227630792595285,54.61287994384766,56.05574798583984,0.02323370622761,0,1
2024-08-13,53.373680114746094,114.37000274658205,54.01431916431062,115.01499938964844,53.30674816669694,112.20999908447266,53.45017585395519,112.20999908447266,7839300.0,2816200.0,0.0001792111748855,54.1309684753418,55.35200386047363,0.0220044666117206,1,1
2024-08-14,53.536224365234375,114.1500015258789,53.94737614055884,115.3499984741211,53.30674082672302,113.2699966430664,53.43104456206322,114.80999755859376,5873200.0,2911800.0,0.0030454008443643,54.03917465209961,54.93702354431152,0.0178593838267136,1,1
2024-08-15,55.03742218017578,116.33000183105467,55.046982323160265,118.4000015258789,53.82307976017386,115.13999938964844,53.91869578008817,115.43000030517578,10041000.0,3846600.0,0.0280407860797196,53.983717346191405,54.70084838867187,0.0191943755631565,1,1
2024-08-16,55.79279708862305,114.9800033569336,55.97447263167252,116.41999816894533,54.78881429670386,114.7699966430664,54.84618609674854,116.23999786376952,7442700.0,2197900.0,0.0137247508790363,54.220848083496094,54.60809898376465,0.0187303917826737,1,1
2024-08-19,56.22307586669922,117.20999908447266,56.54817543509496,117.25,55.82148421324892,114.12999725341795,55.85016828920472,115.33999633789062,7469100.0,1872500.0,0.0077120847229203,54.792639923095706,54.70275993347168,0.0110445938921303,1,1
2024-08-20,56.318695068359375,116.0999984741211,56.65335477681042,117.51000213623048,55.94578384642031,115.73999786376952,56.12745938602281,116.6999969482422,4178700.0,1834400.0,0.0017007109658473,55.38164291381836,54.75630569458008,0.0107034451318959,1,1
2024-08-21,55.76411056518555,117.73999786376952,56.64379322301292,117.79000091552734,55.53463067011209,115.97000122070312,56.40474953792639,116.51000213623048,4730400.0,2223500.0,-0.0098472541400449,55.8272201538086,54.9331974029541,0.0140742667944319,0,1
2024-08-22,55.20953369140625,115.62000274658205,55.897977056301926,118.72000122070312,54.66451070823439,115.52999877929688,55.897977056301926,117.5,7883100.0,2419000.0,-0.0099450501076499,55.86164245605469,54.92267990112305,0.0105400635880516,0,1
2024-08-23,56.17527389526367,117.2300033569336,56.2708899237379,117.66500091552734,55.23822295564906,115.4800033569336,55.51551454474907,117.0,9614400.0,1926200.0,0.0174922724262702,55.93813781738281,55.07949295043945,0.011769690065731,1,1
2024-08-26,56.12746047973633,116.73999786376952,57.169691138886655,117.58999633789062,56.00315673666776,116.20999908447266,56.12746047973633,116.41999816894533,6892600.0,1388700.0,-0.0008511469942539,55.91901473999023,55.35582733154297,0.0112366379310676,0,1
2024-08-27,54.94179916381836,116.0199966430664,56.16570529972007,116.95999908447266,54.91311508909595,115.52999877929688,56.05096170579617,116.25,6180900.0,1284900.0,-0.0211244425773731,55.64363555908203,55.5126392364502,0.0144131658301007,0,1
2024-08-28,54.731441497802734,113.41999816894533,55.39120072847889,116.48999786376952,54.28203822106443,112.26000213623048,54.98004531519002,115.5,7963600.0,1797600.0,-0.0038287363940959,55.43710174560547,55.63216094970703,0.0141407655145356,0,1
2024-08-29,54.47327423095703,115.18000030517578,54.9609217266729,116.88999938964844,54.02387095141239,114.4499969482422,54.83661799344453,115.27999877929688,9181000.0,2328800.0,-0.0047169827759071,55.289849853515626,55.57574615478516,0.0137468551991689,0,1
2024-08-30,54.731441497802734,116.26000213623048,54.90354958829115,117.97000122070312,54.35853030044628,114.66000366210938,54.46371010117372,117.22000122070312,8188100.0,2436600.0,0.0047393381523408,55.00108337402344,55.46961059570312,0.009661715672217,1,1
2024-09-03,54.86531448364258,111.4800033569336,55.93622930545055,115.5009994506836,54.60714683376146,111.0999984741211,54.693202717055165,114.87000274658205,11601600.0,3355800.0,0.0024459978063107,54.748654174804685,55.33383445739746,0.0101301773963889,1,1
2024-09-04,56.7011604309082,108.6500015258789,57.23661958971133,111.4000015258789,54.750563117607975,108.54000091552734,54.87486685309242,110.7699966430664,14231300.0,3536800.0,0.0334609573378634,55.10052642822266,55.37208099365235,0.0156436862215267,1,1
2024-09-05,55.52507019042969,110.08999633789062,57.01670418740508,110.5,54.884434827012186,108.0,56.89240044244445,108.01000213623048,7022200.0,2701600.0,-0.0207419077765015,55.25925216674805,55.34817695617676,0.0197130992087226,0,1
2024-09-06,55.21909713745117,107.1999969482422,56.52905564996978,110.96900177001952,55.1234811122375,105.44000244140624,55.59200474230907,109.87000274658205,6262800.0,3311300.0,-0.005510538787779,55.40841674804688,55.34913330078125,0.0197941664926014,0,1
2024-09-09,53.99519348144531,107.6999969482422,55.592003686804446,109.0199966430664,53.0772628782417,106.73999786376952,55.41033178334078,108.2699966430664,9140100.0,2720500.0,-0.0221644995925833,55.26116714477539,55.13112525939941,0.0226173407717253,0,1
2024-09-10,54.4445915222168,108.12000274658205,54.56889526688998,110.1999969482422,53.28762089550048,107.0199966430664,54.10037165988067,108.45999908447266,5113500.0,2365200.0,0.0083229267606184,55.17702255249024,54.96283836364746,0.023086603753611,1,1
2024-09-11,53.65096664428711,109.5199966430664,53.88044654526262,109.66000366210938,52.40794017937086,107.1449966430664,53.88044654526262,108.41000366210938,9768400.0,4320100.0,-0.0145767440941464,54.56698379516602,54.83375511169434,0.0126078539039609,0,1
2024-09-12,55.008731842041016,109.62999725341795,55.20953131034635,110.91999816894533,53.43104570332629,109.1999969482422,53.87088521005762,110.0,7139200.0,2552800.0,0.0253073762259694,54.46371612548828,54.861484146118165,0.0189009323043911,1,1
2024-09-13,55.43901062011719,109.26000213623048,55.71630216828377,110.9000015258789,54.597575833188365,108.79000091552734,55.03741898278668,109.55999755859376,7429400.0,3143000.0,0.0078220086823983,54.50769882202148,54.95805778503418,0.0191717624346462,1,1
2024-09-16,55.811920166015625,111.4000015258789,56.0700877909813,111.58999633789062,55.34339657248024,108.3499984741211,55.76411215713693,109.16000366210938,5169900.0,3670700.0,0.00672648270103,54.87104415893555,55.066105651855466,0.0141670895255336,1,1
2024-09-17,55.29559326171875,111.93000030517578,56.17527237188277,113.6500015258789,55.0374256148182,111.4499969482422,55.81192490800227,112.3000030517578,6171100.0,2419900.0,-0.0092511940596387,55.04124450683594,55.10913352966308,0.0157605507215485,0,1
2024-09-18,55.8597297668457,113.18000030517578,56.59598479661547,114.93499755859376,55.21909440507568,111.5,55.34339814971664,111.72000122070312,5104300.0,2779300.0,0.0102021964473162,55.48299713134766,55.02499046325684,0.0122833419402517,1,1
2024-09-19,55.84061050415039,115.5199966430664,56.50992995482823,116.63500213623048,55.572879076361815,114.91000366210938,56.12746221837196,115.86000061035156,4885400.0,3133100.0,-0.000342272738789,55.64937286376953,55.05654449462891,0.0079099253153346,0,1
2024-09-20,54.98960876464844,114.76000213623048,55.53463173279078,115.62000274658205,54.62626498257653,113.91000366210938,55.45813600129107,115.18000030517578,10240000.0,2830000.0,-0.0152398358796363,55.55949249267578,55.03359565734864,0.0106628807908863,0,1
2024-09-23,55.04698181152344,116.22000122070312,55.55375327789028,116.66999816894533,54.80793811644212,114.9000015258789,55.04698181152344,115.01000213623048,9407100.0,1917900.0,0.0010433434273109,55.40650482177735,55.13877449035645,0.0098260146810837,1,1
2024-09-24,55.53463363647461,117.30999755859376,55.67805766667718,118.37999725341795,54.80793875238579,115.66000366210938,55.11391439383876,116.58000183105467,7813600.0,2546000.0,0.0088588294744451,55.45431289672852,55.247778701782224,0.010148051750915,1,1
2024-09-25,56.07008743286133,116.01000213623048,56.72985035273212,117.5,55.76411180097123,115.55999755859376,56.24219918173917,116.62999725341795,11270700.0,2546100.0,0.0096417993839981,55.49638442993164,55.48969078063965,0.0100220032434654,1,1
2024-09-26,56.42387390136719,114.20999908447266,56.49080949374547,118.2300033569336,55.79279867302384,113.0999984741211,56.16570991262815,118.1999969482422,8357200.0,2344300.0,0.0063097185095257,55.613037109375,55.63120498657226,0.0102721234732587,1,1
2024-09-27,58.69000625610352,114.1999969482422,59.14896969120536,115.18000030517578,56.691600914035845,113.45800018310548,56.84458872573646,115.12999725341795,12510200.0,2288500.0,0.0401626509852495,56.35311660766602,55.9563045501709,0.0154414323003205,1,1
2024-09-30,60.124267578125,115.05999755859376,60.81271089808231,115.31999969482422,59.493192407112495,113.86000061035156,60.34418732661997,114.1999969482422,15930600.0,1562900.0,0.0244379139399446,57.36857376098633,56.38753929138184,0.0143408823575116,1,1
2024-10-01,58.842994689941406,113.9800033569336,60.41112068833153,117.75,58.09717590843799,113.08000183105467,60.23900894240899,117.4499969482422,16285900.0,2783500.0,-0.0213104115824566,58.03024597167969,56.7422794342041,0.0228869260417953,0,1
2024-10-02,59.5123176574707,116.22000122070312,61.15693573645222,116.69000244140624,59.17765430863911,113.52999877929688,60.24856900036242,114.19000244140624,22297800.0,3193900.0,0.011374726440354,58.718692016601565,57.1075382232666,0.0228582612833189,1,0
2024-10-03,60.16251754760742,117.52999877929688,60.4493729098287,118.58000183105467,58.76650319453597,115.16999816894533,59.23503045831561,115.26000213623048,10141600.0,3719500.0,0.0109254674616943,59.46642074584961,57.5397289276123,0.0226534507538249,1,0
2024-10-04,61.75932693481445,122.69000244140624,62.69638145021426,122.81999969482422,60.870087725026806,118.37000274658205,60.92745952623008,119.5500030517578,16311000.0,5219300.0,0.0265415985284103,60.080284881591794,58.21670074462891,0.0191336774607709,1,0
2024-10-07,62.390403747558594,122.37999725341795,62.82067947607966,123.77999877929688,61.28123751265208,121.16000366210938,61.453349263067416,122.1999969482422,11720100.0,3209100.0,0.010218324001656,60.53351211547852,58.95104293823242,0.0175124701089108,1,0
2024-10-08,63.01191329956055,123.72000122070312,63.2031453188476,126.16500091552734,62.103542970362255,123.2300033569336,62.43820994666548,123.73999786376952,10476600.0,3838500.0,0.0099616209331916,61.367295837402345,59.69877090454101,0.0071423855350834,1,0
2024-10-09,63.07884979248047,125.16000366210938,63.12665415323854,126.55999755859376,62.06530688598212,123.6999969482422,63.0119178513916,123.8000030517578,8604800.0,3143300.0,0.001062283136868,62.0806022644043,60.39964714050293,0.0092092688680299,1,0
2024-10-10,63.92028427124024,130.08999633789062,64.70434731973508,130.24000549316406,63.72905222820631,125.03900146484376,64.42705575081149,125.23999786376952,12759800.0,4713100.0,0.0133394074484229,62.83215560913086,61.14928817749024,0.0092190397803931,1,0
2024-10-11,63.70991897583008,129.80999755859375,64.73302563456429,131.24600219726562,63.37525928279257,128.75999450683594,64.1593222614951,129.88999938964844,12908800.0,2651500.0,-0.0032910569439505,63.22227401733399,61.65127944946289,0.0070307764123018,0,0
2024-10-14,64.50355529785156,129.1199951171875,64.82865854426288,131.27999877929688,63.60474859340084,128.5540008544922,63.84379230883686,131.27999877929688,13436300.0,2514100.0,0.0124570292158521,63.64490432739258,62.08920822143555,0.0074072293495643,1,0
2024-10-15,62.1513557434082,126.87999725341795,63.19358266887362,128.66000366210938,60.81270969915875,125.7249984741211,61.64458431762894,128.47000122070312,17216600.0,2703900.0,-0.0364662000967519,63.47279281616211,62.42004432678223,0.0202582462601227,0,1
2024-10-16,62.17048263549805,126.0,62.94498918847338,126.8000030517578,62.05574632767565,123.29000091552734,62.38084225988555,126.43000030517578,10734000.0,2464100.0,0.0003077469809156,63.29111938476562,62.68586082458496,0.0202271204008374,1,1
2024-10-17,60.87964630126953,126.22000122070312,61.11868999552144,127.91000366210938,59.76092356297888,124.76000213623048,60.63104246415515,127.33000183105467,9744300.0,2506100.0,-0.0207628488554064,62.68299179077148,62.75757369995117,0.0191759529101385,0,1
2024-10-18,57.695587158203125,128.1199951171875,57.8103271120636,130.1699981689453,54.951366523470405,127.19000244140624,56.93064805327104,129.0,42250200.0,3575100.0,-0.0523008811074516,61.480125427246094,62.35119972229004,0.0263573286363277,0,1
2024-10-21,56.24050521850586,125.80999755859376,58.28051732221741,128.8000030517578,55.950456925768265,124.93000030517578,57.76809854877553,126.12000274658205,13579700.0,3279000.0,-0.0252199866812583,59.82751541137695,61.736209869384766,0.0194773255425308,0,1
2024-10-22,54.96429061889648,124.62000274658205,56.00846891448698,126.0,54.79993126949661,123.12999725341795,55.93112073488878,125.0,14553600.0,1886400.0,-0.0226920898852353,58.39010238647461,60.93144760131836,0.0187443012535673,0,1
2024-10-23,54.896610260009766,121.5199966430664,55.30268080774047,125.51000213623048,54.58722493229306,121.06999969482422,54.8192657721626,124.62000274658205,9942300.0,2078400.0,-0.0012313514488158,56.93532791137695,60.11322364807129,0.0182486647658192,0,1
2024-10-24,54.25850677490234,123.88999938964844,55.283348057667226,124.0,54.22950305072741,122.3499984741211,54.80959966321209,122.75,8811400.0,2021300.0,-0.0116237319952023,55.61110000610351,59.1470458984375,0.0191449198458384,0,1
2024-10-25,54.6162338256836,126.5999984741211,55.45737497774742,127.72000122070312,54.46154115762399,124.7699966430664,54.50988192486184,124.9000015258789,8439000.0,3396300.0,0.0065930131889795,54.99522933959961,58.23767738342285,0.0136391553036752,1,1
2024-10-28,55.45737838745117,126.37000274658205,55.80543783402616,127.9499969482422,54.59690013795432,125.75,54.67424463265745,127.29000091552734,9021600.0,2383200.0,0.0154009989859831,54.83860397338867,57.33305969238281,0.0149622798435586,1,1
2024-10-29,54.38419342041016,128.75999450683594,55.59273105197482,129.30999755859375,54.3358526527804,125.8499984741211,55.205997534608464,127.1999969482422,6814000.0,3551900.0,-0.0193515272132633,54.7225845336914,56.556343460083006,0.0138826162564602,0,1
2024-10-30,54.51955032348633,128.16000366210938,54.915950528408295,131.83999633789062,54.29717983664369,127.91999816894533,54.39386137417032,129.82000732421875,8643000.0,2809300.0,0.0024889015458922,54.64717254638672,55.79125022888184,0.0140358101349485,1,1
2024-10-31,54.58722686767578,125.44000244140624,55.41870134845577,126.43399810791016,54.08447477027011,124.0,54.8676084834112,126.25,7559000.0,3446300.0,0.0012413261625949,54.71291656494141,55.16200828552246,0.0127940750579486,1,1
2024-11-01,53.95878982543945,123.26000213623048,55.33168681281164,124.56999969482422,53.77508974391488,120.77999877929688,54.857942123769085,124.43000030517578,13589400.0,4838700.0,-0.0115125291812261,54.58142776489258,54.78832855224609,0.0134574734478062,0,1
2024-11-04,52.8372688293457,125.55999755859376,54.77092911677772,127.0999984741211,52.8372688293457,121.6999969482422,54.11348432399769,122.51000213623048,11544200.0,3294000.0,-0.0207847692604291,54.05740585327148,54.44800491333008,0.011039969231844,0,1
2024-11-05,53.5043830871582,125.0500030517578,53.514049766306485,126.98999786376952,52.50854916748251,124.80999755859376,52.69224557661589,126.73999786376952,11115000.0,2541000.0,0.0126258278028554,53.88144378662109,54.30201416015625,0.0130467176464009,1,1
2024-11-06,59.566402435302734,128.35000610351562,61.22935137032352,129.14999389648438,58.802605779039546,127.05999755859376,59.65341729092973,129.0500030517578,29141100.0,5855200.0,0.113299490590697,54.89081420898437,54.76899337768555,0.0542269153220527,1,1
2024-11-07,55.17699432373047,129.7899932861328,59.64374841876099,133.66000366210938,55.16732764538048,126.16999816894533,59.25701858596977,126.87000274658205,22292300.0,8264800.0,-0.0736893270722495,55.008767700195314,54.86084213256836,0.0687592497173795,0,1
2024-11-08,53.69774627685547,124.4499969482422,55.38002863679049,129.5,53.61073141767508,122.97699737548828,55.29301377761011,129.49000549316406,13650300.0,5904900.0,-0.0268091450976118,54.95655899047851,54.76899337768555,0.0699512868690549,0,1
2024-11-11,53.95878982543945,122.36000061035156,54.55822346160448,125.5500030517578,53.33034877799128,121.5199966430664,53.73641934247765,125.5500030517578,11570600.0,5554000.0,0.0048613501810317,55.18086318969726,54.619134521484376,0.0688933796498926,1,1
2024-11-12,52.237831115722656,123.41000366210938,53.77509118089752,124.4499969482422,51.73507900196237,121.26000213623048,53.77509118089752,122.08000183105467,15970300.0,7124600.0,-0.0318939456441521,54.92755279541016,54.40449829101563,0.0706858732185042,0,1
2024-11-13,52.469871520996094,128.4499969482422,52.81793095739369,131.3300018310547,51.89944159760319,122.66999816894533,52.10247503944704,123.06999969482422,8050700.0,7682500.0,0.0044419992238842,53.50824661254883,54.1995304107666,0.0323235644859195,1,1
2024-11-14,53.262672424316406,131.42999267578125,53.35935396280417,133.2790069580078,52.07347179772837,129.0500030517578,52.22816447220736,129.57000732421875,8792300.0,5315000.0,0.0151096406440232,53.12538223266601,54.06707496643067,0.0210502799957104,1,1
2024-11-15,51.425689697265625,126.08999633789062,53.23366456964084,129.50999450683594,50.96161170983962,124.87999725341795,53.16598676031813,129.0500030517578,16695400.0,5777700.0,-0.0344891204935509,52.67097091674805,53.81376495361328,0.0230547775247918,0,1
2024-11-18,54.19083023071289,125.97000122070312,54.896615811449706,127.56999969482422,51.67707326676904,124.81900024414062,51.94778453385592,126.91500091552734,18702700.0,3075300.0,0.0537696343933389,52.71737899780273,53.94912109375,0.0365249970399297,1,1
2024-11-19,53.92011260986328,133.41000366210938,54.82893153382313,133.86000061035156,53.44636426012172,125.05500030517578,53.726745861230725,125.9000015258789,12128500.0,6252000.0,-0.0049956352338034,53.05383529663086,53.99069404602051,0.0321118357728066,0,1
2024-11-20,54.9449577331543,135.4499969482422,55.75709149691188,136.71099853515625,54.14248695968303,132.83999633789062,54.38419449075304,134.85000610351562,11449500.0,6353300.0,0.0190067318795537,53.5488525390625,53.52854957580566,0.0325063465356803,1,1
2024-11-21,55.205997467041016,143.86000061035156,55.25434192277576,145.5500030517578,54.529219344724446,139.88999938964844,54.91594917345332,142.0,7243200.0,8671800.0,0.0047509315623552,53.93751754760742,53.53144989013672,0.0324037404941407,1,1
2024-11-22,56.08581161499024,154.8300018310547,56.11481902549539,155.4199981689453,54.74191838678038,147.0,55.30268160646845,148.5,11153900.0,13878800.0,0.0159369305567658,54.86954193115234,53.770256423950194,0.022296886117385,1,1
2024-11-25,58.08715438842773,156.6300048828125,58.29018782500274,157.14999389648438,56.93662420484107,153.33999633789062,57.04297610633201,155.6999969482422,15615700.0,7686200.0,0.0356835840617946,55.64880676269532,54.18309288024902,0.0153732481844067,1,1
2024-11-26,57.05263900756836,154.38999938964844,57.855109710664514,157.47999572753906,56.38552760805862,151.49000549316406,57.64240592176406,155.4600067138672,7884800.0,4365600.0,-0.0178097101114917,56.27531204223633,54.6645736694336,0.0197831443934895,0,0
2024-11-27,57.971134185791016,151.9600067138672,58.14516390567356,155.58999633789062,56.936626233247146,150.63999938964844,57.02364109318842,154.05999755859375,7597400.0,4084600.0,0.0160990831309453,56.88054733276367,55.21469993591309,0.0195491719681286,1,0
2024-11-29,57.864784240722656,152.75,58.46422160203082,153.19000244140625,57.63274706512836,151.1199951171875,57.77776937783369,153.0,3947700.0,1892300.0,-0.0018345327646603,57.4123046875,55.67491111755371,0.0202779913958681,0,0
2024-12-02,57.12032699584961,152.8800048828125,57.768101425617154,153.47999572753906,56.66591564542715,151.18499755859375,57.71976065578088,152.4499969482422,11633700.0,4307800.0,-0.0128654630729466,57.619207763671874,56.24437484741211,0.0220469990414443,0,1
2024-12-03,57.2266731262207,155.00999450683594,58.058147614458505,156.67999267578125,57.07198045549024,151.77000427246094,57.93245866693869,153.0,9011500.0,4220500.0,0.0018617913440659,57.44711151123047,56.54795913696289,0.0132889471932031,1,1
2024-12-04,56.12448501586914,165.8800048828125,57.381363373491325,166.0800018310547,55.86344045350573,157.02999877929688,57.042974323111366,157.92999267578125,7953800.0,9874800.0,-0.0192600416928054,57.261480712890624,56.76839637756348,0.0137048071632348,0,1
2024-12-05,54.97396087646485,163.35000610351562,56.34685786813388,164.94000244140625,54.59689772208149,161.5800018310547,56.21150224226952,164.5800018310547,9063500.0,4512500.0,-0.0204995046115609,56.66204605102539,56.77129669189453,0.0101270199847121,0,1
2024-12-06,53.45603561401367,168.64999389648438,55.25434013965381,170.0800018310547,53.407694848003096,164.77000427246094,55.10931415345805,165.0,9635200.0,6048100.0,-0.0276117135867687,55.7802963256836,56.5963005065918,0.0111135733264272,0,1
2024-12-09,54.21016311645508,161.19000244140625,54.40352987303389,167.58999633789062,53.12731444304349,159.3800048828125,53.30134415514801,166.64999389648438,11535000.0,8317500.0,0.0141074341518081,55.198263549804686,56.40873565673828,0.0175188310104289,1,1
2024-12-10,53.320682525634766,154.91000366210938,54.14248665132672,161.66000366210938,52.672904428211005,153.1199951171875,54.14248665132672,161.64999389648438,12685400.0,10653400.0,-0.0164080043240142,54.4170654296875,55.932088470458986,0.0162095276449931,0,1
2024-12-11,50.04312515258789,156.47999572753906,53.02096367847415,159.53500366210938,50.01412142933711,153.50999450683594,52.69224129169663,156.08999633789062,17925000.0,5974000.0,-0.0614687813020986,53.20079345703125,55.231137084960935,0.0270455052710806,0,1
2024-12-12,47.93544006347656,156.72999572753906,50.43952658292917,157.6199951171875,47.829088158076864,154.05999755859375,49.791752160097246,155.82000732421875,22510300.0,3447600.0,-0.042117375417397,51.79308929443359,54.22756767272949,0.0283662065503154,0,1
2024-12-13,47.73240280151367,153.02999877929688,48.28349568421005,159.0,46.41751322589976,152.66000366210938,47.51003231272077,158.33799743652344,17647700.0,4409100.0,-0.0042356398876077,50.6483627319336,53.21432952880859,0.0300544514311182,0,1
2024-12-16,45.05427932739258,155.82000732421875,47.49069152153231,156.13999938964844,44.84157922211266,152.97000122070312,47.38433962481036,153.4600067138672,20783500.0,2825300.0,-0.0561070324755611,48.817185974121095,52.00772476196289,0.0249157181040079,0,1
2024-12-17,42.57919692993164,156.91000366210938,44.75456457527082,158.57000732421875,42.47284503271992,154.4199981689453,44.44517924965348,156.36000061035156,29444300.0,4323700.0,-0.0549355673736436,46.66888885498047,50.54297714233398,0.023215382188937,0,1
2024-12-18,43.77806854248047,150.1999969482422,45.07362110671218,158.1999969482422,43.11095705863267,149.5,43.31399050743447,156.3800048828125,26201900.0,4322300.0,0.0281562758105018,45.41587753295899,49.30833549499512,0.0367761611438126,1,1
2024-12-19,42.32781982421875,146.92999267578125,43.78773531390975,151.7100067138672,42.15379011434612,145.8699951171875,42.8209052315792,150.5,26006200.0,5831300.0,-0.0331272887668503,44.29435348510742,48.04372138977051,0.0359933079719059,0,1
2024-12-20,42.88858413696289,149.4600067138672,43.28498433330943,150.16000366210938,42.23113936914459,144.0,42.2698134585843,145.11000061035156,21447300.0,7590500.0,0.0132481265293822,43.32558975219727,46.98697624206543,0.0391135290119035,1,1
2024-12-23,42.67588424682617,147.4600067138672,42.90792511657967,150.77999877929688,42.11512465118234,146.6199951171875,42.87891770275767,150.0,16405000.0,2907400.0,-0.004959359102587,42.849910736083984,45.833548355102536,0.0338206226609169,0,1
2024-12-24,42.78223037719727,148.39999389648438,42.78223037719727,148.5050048828125,42.27947830080645,147.1199951171875,42.54052286094191,148.25,5922700.0,1038500.0,0.0024919490772827,42.89051742553711,44.77970314025879,0.0228569492001203,1,1
2024-12-26,43.43000793457031,147.55999755859375,44.1744675817975,149.47000122070312,42.5501926584226,146.8730010986328,42.67588160877634,148.0,11335500.0,1231800.0,0.0151412759844868,42.82090530395508,44.11839141845703,0.0195103187444477,1,1
2024-12-27,43.01427459716797,145.99000549316406,43.5653674825013,146.97999572753906,42.77256706191075,143.0399932861328,43.217308041624605,146.47999572753906,10563800.0,1943400.0,-0.0095724904777514,42.95819625854492,43.62627487182617,0.0108828704696349,0,1
2024-12-30,42.482513427734375,144.1699981689453,42.95626180132729,144.83999633789062,42.20213550067342,142.44000244140625,42.77256540936816,143.6999969482422,12153700.0,2062300.0,-0.0123624348989627,42.87698211669922,43.10128593444824,0.0110382541375582,0,1
