Price,Close,High,Low,Open,Volume,Return,MA5,MA10,Volatility,Direction,Prediction
2023-04-04,275.25,277.5799865722656,273.3900146484375,277.1099853515625,579200.0,-0.007535863436532,275.952001953125,271.6410034179688,0.0088840792766554,0,0
2023-04-05,283.989990234375,285.3599853515625,275.3299865722656,276.0,1008200.0,0.0317529163828338,277.947998046875,273.9180023193359,0.015285189837049,1,0
2023-04-06,286.79998779296875,287.7699890136719,283.79998779296875,285.0599975585937,737100.0,0.0098947063460745,280.28199462890626,276.0809997558593,0.0152030663580664,1,0
2023-04-10,282.8599853515625,285.6499938964844,280.2900085449219,285.3999938964844,475800.0,-0.0137378054710741,281.2479919433593,277.36399841308594,0.0179847324554083,0,0
2023-04-11,283.69000244140625,285.4700012207031,282.489990234375,283.32000732421875,556100.0,0.0029343743648015,282.5179931640625,278.73499755859376,0.0176891518291014,1,0
2023-04-12,285.7900085449219,287.0899963378906,283.6000061035156,284.57000732421875,611200.0,0.0074024677832957,284.62599487304686,280.28899841308595,0.0163227288060562,1,0
2023-04-13,289.70001220703125,290.8999938964844,285.45001220703125,286.260009765625,715500.0,0.0136813868406977,285.76799926757815,281.8579986572266,0.0106748860405191,1,0
2023-04-14,288.1300048828125,289.3900146484375,285.04998779296875,288.54998779296875,571400.0,-0.0054194244323909,286.03400268554685,283.1579986572266,0.0107698540612015,0,0
2023-04-17,292.20001220703125,294.2200012207031,290.04998779296875,294.0,764900.0,0.0141255935003161,287.9020080566406,284.575,0.0081442116770132,1,0
2023-04-18,293.8299865722656,294.6199951171875,290.07000732421875,292.3599853515625,668900.0,0.0055782830155377,289.9300048828125,286.2239990234375,0.0079343122829426,1,0
2023-04-19,292.2699890136719,293.8500061035156,291.9800109863281,292.69000244140625,492400.0,-0.0053091843238746,291.2260009765625,287.9259979248047,0.0096530147991492,0,0
2023-04-20,290.2699890136719,291.5799865722656,289.260009765625,290.239990234375,653500.0,-0.0068429879056328,291.3399963378906,288.5539978027344,0.009139534896569,0,0
2023-04-21,293.989990234375,294.19000244140625,289.510009765625,290.6000061035156,847800.0,0.0128156590812007,292.5119934082031,289.272998046875,0.0098353796873272,1,0
2023-04-24,293.0299987792969,295.25,292.1700134277344,293.989990234375,1138100.0,-0.0032653882341803,292.67799072265626,290.2899993896484,0.0083555860288691,0,0
2023-04-25,282.4100036621094,294.0,280.7099914550781,291.04998779296875,1527900.0,-0.0362420064888517,290.393994140625,290.1619995117188,0.0177597226770406,0,0
2023-04-26,288.0400085449219,289.239990234375,274.8999938964844,278.5899963378906,1817400.0,0.0199355717212785,289.547998046875,290.3869995117187,0.0217695488561202,1,0
2023-04-27,293.7200012207031,294.0799865722656,285.54998779296875,288.0,1459500.0,0.0197194573923067,290.2380004882813,290.78899841308595,0.0236699257313882,1,0
2023-04-28,304.2300109863281,305.5,293.3699951171875,293.9100036621094,1957700.0,0.0357824108741158,292.2860046386719,292.3989990234375,0.0279848937454609,1,0
2023-05-01,311.1099853515625,312.2300109863281,304.2200012207031,305.75,1278900.0,0.0226143842381925,295.902001953125,294.2899963378906,0.0279618831748623,1,0
2023-05-02,309.2799987792969,311.8900146484375,305.260009765625,309.20001220703125,1090900.0,-0.0058821209810983,301.2760009765625,295.8349975585937,0.0151131054893381,0,0
2023-05-03,311.0,316.69000244140625,309.54998779296875,315.0,2787500.0,0.005561307641916,305.8679992675781,297.70799865722654,0.0160915328761701,1,0
2023-05-04,313.57000732421875,314.3699951171875,309.5799865722656,311.4200134277344,1214000.0,0.0082636891453979,309.83800048828124,300.0380004882812,0.0161664541809353,1,0
2023-05-05,318.0599975585937,319.739990234375,310.6600036621094,313.8099975585937,1734700.0,0.014318940362598,312.6039978027344,302.44500122070315,0.0105769064853856,1,0
2023-05-08,314.3699951171875,317.4800109863281,310.0,317.4800109863281,936100.0,-0.0116015923716606,313.25599975585936,304.57900085449216,0.0106150479579795,0,0
2023-05-09,314.0,315.69000244140625,311.0899963378906,311.8699951171875,906100.0,-0.0011769415750049,314.2,307.7380004882813,0.0099122622039185,0,0
2023-05-10,313.260009765625,315.7799987792969,310.7099914550781,315.19000244140625,795100.0,-0.0023566567973726,314.652001953125,310.26000061035154,0.0100469362352483,0,0
2023-05-11,310.5599975585937,313.5899963378906,308.6499938964844,313.5,726300.0,-0.0086190771974099,314.04999999999995,311.9440002441406,0.0100380704299714,0,0
2023-05-12,309.6000061035156,311.4100036621094,307.70001220703125,310.9700012207031,442600.0,-0.0030911626179316,312.3580017089844,312.4809997558594,0.0045067815004578,0,0
2023-05-15,311.8699951171875,312.4800109863281,309.1499938964844,310.0,495800.0,0.0073320057135686,311.8580017089844,312.5570007324219,0.0057450345943474,1,0
2023-05-16,307.6099853515625,310.6400146484375,306.1099853515625,310.6000061035156,638400.0,-0.0136595691548468,310.5799987792969,312.38999938964844,0.007851002267658,0,0
2023-05-17,306.25,308.25,302.1499938964844,308.25,585400.0,-0.0044211352567381,309.17799682617186,311.9149993896484,0.0077918477987297,0,0
2023-05-18,305.45001220703125,306.2300109863281,301.94000244140625,305.8500061035156,616800.0,-0.0026122050382653,308.1559997558594,311.1029998779297,0.0074520698176073,0,0
2023-05-19,308.4800109863281,310.5,306.5199890136719,307.0,568800.0,0.0099197860802282,307.9320007324219,310.14500122070314,0.0095229471164799,1,0
2023-05-22,306.8699951171875,310.4700012207031,306.1300048828125,309.92999267578125,528000.0,-0.005219190261284,306.9320007324219,309.39500122070314,0.0084771039486295,0,0
2023-05-23,303.1499938964844,306.8699951171875,302.3299865722656,305.2300109863281,762700.0,-0.0121224012770702,306.0400024414063,308.31000061035155,0.0080183308729866,0,0
2023-05-24,301.5599975585937,302.3099975585937,298.3299865722656,301.82000732421875,842700.0,-0.0052449162787501,305.102001953125,307.13999938964844,0.0080659524675685,0,0
2023-05-25,297.1300048828125,298.8900146484375,291.6400146484375,298.510009765625,1073000.0,-0.014690253056261,303.43800048828126,305.7970001220703,0.0095685237007193,0,0
2023-05-26,298.6600036621094,299.1099853515625,294.8299865722656,298.510009765625,945500.0,0.0051492570731801,301.4739990234375,304.7029998779297,0.0077068928507765,1,0
2023-05-30,298.69000244140625,298.95001220703125,295.0,297.9200134277344,802600.0,0.0001004445822307,299.83800048828124,303.38500061035154,0.0082622313007836,1,0
2023-05-31,296.4100036621094,299.5799865722656,294.8099975585937,298.69000244140625,1566900.0,-0.0076333280681001,298.49000244140626,302.26500244140624,0.0075577706338843,0,0
2023-06-01,302.4100036621094,308.3800048828125,300.19000244140625,301.0199890136719,1033600.0,0.020242231793363,298.6600036621094,301.8810028076172,0.0133072952403742,1,0
2023-06-02,300.20001220703125,303.1700134277344,297.67999267578125,302.5299987792969,817100.0,-0.0073079310482976,299.2740051269531,301.3560028076172,0.011463889973787,0,0
2023-06-05,302.1300048828125,304.2900085449219,299.5899963378906,299.6700134277344,1085200.0,0.0064290226425782,299.96800537109374,300.72100219726565,0.0115625695800841,1,0
2023-06-06,299.7900085449219,304.760009765625,298.32000732421875,303.6499938964844,911700.0,-0.0077449981798339,300.18800659179686,300.01300354003905,0.0124455091306249,0,0
2023-06-07,304.8999938964844,309.29998779296875,294.0400085449219,299.6300048828125,2034300.0,0.0170452156706777,301.88600463867186,300.18800354003906,0.0131404984232781,1,0
2023-06-08,308.8800048828125,311.2799987792969,303.69000244140625,310.69000244140625,1231600.0,0.013053496444737,303.1800048828125,300.9200042724609,0.011439218475651,1,0
2023-06-09,308.8800048828125,308.8800048828125,308.8800048828125,308.8800048828125,8100.0,0.0,304.91600341796874,302.0950042724609,0.0099569233532698,0,0
2023-06-12,313.4100036621094,319.760009765625,310.0,319.760009765625,1502500.0,0.0146658854820191,307.1720031738281,303.5700042724609,0.0107461178136816,1,0
2023-06-13,304.6000061035156,312.760009765625,299.5199890136719,310.8399963378906,1526900.0,-0.0281101351445434,308.1340026855469,304.1610046386719,0.0187798217349761,0,0
2023-06-14,299.989990234375,306.5199890136719,296.0899963378906,304.6000061035156,1512500.0,-0.0151346545527446,307.152001953125,304.5190032958984,0.01841542678973,0,0
2023-06-15,297.8299865722656,300.0,293.2099914550781,299.7699890136719,1483000.0,-0.0072002524498294,304.94199829101564,304.0610015869141,0.0160478946302565,0,0
2023-06-16,297.4800109863281,304.7900085449219,296.20001220703125,300.57000732421875,1915400.0,-0.0011750851214324,302.6619995117188,303.7890014648437,0.0159250347442912,0,0
2023-06-20,293.7900085449219,298.7300109863281,293.6499938964844,296.0,961200.0,-0.0124042029888719,298.7380004882813,302.9550018310547,0.0100809623234361,0,0
2023-06-21,294.3599853515625,294.8399963378906,289.8299865722656,294.0400085449219,787800.0,0.0019400823379378,296.68999633789065,302.4119995117188,0.0072294939711063,1,0
2023-06-22,293.95001220703125,296.4599914550781,291.5799865722656,294.25,905600.0,-0.0013927611256048,295.48200073242185,301.31700134277344,0.0057210985670695,0,0
2023-06-23,284.5199890136719,293.5199890136719,283.9700012207031,293.3500061035156,1428400.0,-0.0320803633330613,292.82000122070315,298.88099975585936,0.0139917299115335,0,0
2023-06-26,281.5799865722656,283.95001220703125,279.5599975585937,283.8699951171875,833500.0,-0.0103332017254681,289.63999633789064,296.1509979248047,0.0132894360712274,0,0
2023-06-27,282.95001220703125,283.489990234375,277.7099914550781,281.9100036621094,851000.0,0.0048654936433631,287.4719970703125,293.10499877929686,0.0149289182276424,1,0
2023-06-28,284.0199890136719,285.67999267578125,281.2900085449219,282.95001220703125,618700.0,0.0037815047198432,285.40399780273435,291.0469970703125,0.0152364832951156,1,0
2023-06-29,282.1300048828125,285.45001220703125,280.5899963378906,282.7099914550781,873700.0,-0.0066544053375355,283.0399963378906,289.26099853515626,0.0149282256999973,0,0
2023-06-30,284.8500061035156,286.5,282.9100036621094,284.9599914550781,1130800.0,0.009640949823231,283.1059997558594,287.96300048828124,0.008391047472185,1,0
2023-07-03,285.44000244140625,285.6499938964844,281.239990234375,282.8699951171875,414700.0,0.0020712526777204,283.8780029296875,286.7589996337891,0.0059566692412738,1,0
2023-07-05,285.8900146484375,287.6000061035156,283.8299865722656,285.45001220703125,744700.0,0.0015765562050946,284.46600341796875,285.9690002441406,0.0058439370080435,1,0
2023-07-06,284.989990234375,286.9200134277344,282.4800109863281,285.95001220703125,1067800.0,-0.0031481491760713,284.6600036621094,285.03200073242186,0.0061539572697898,0,0
2023-07-07,275.07000732421875,286.5400085449219,274.75,285.5799865722656,2851400.0,-0.0348081801118631,283.2480041503906,283.1440002441406,0.017317231078243,0,0
2023-07-10,281.5799865722656,282.739990234375,275.0,275.0,1280500.0,0.0236666269484397,282.5940002441406,282.85,0.0210104445152015,1,0
2023-07-11,279.8399963378906,280.5199890136719,276.0199890136719,280.0,909300.0,-0.0061793817648628,281.4739990234375,282.6760009765625,0.0209219635994699,0,0
2023-07-12,277.6199951171875,281.67999267578125,277.2900085449219,280.1700134277344,1055700.0,-0.0079331090971807,279.8199951171875,282.14299926757815,0.02074494842283,0,0
2023-07-13,277.9700012207031,280.8599853515625,276.3999938964844,278.92999267578125,985700.0,0.001260738094055,278.41599731445314,281.5380004882812,0.0209719534581209,1,0
2023-07-14,278.92999267578125,280.0,276.1199951171875,278.94000244140625,895300.0,0.0034535793461967,279.1879943847656,281.21799926757814,0.0125899476537252,1,0
2023-07-17,278.3999938964844,280.489990234375,276.2200012207031,278.4200134277344,1189000.0,-0.0019001139827689,278.5519958496094,280.572998046875,0.0048144528058305,0,0
2023-07-18,276.1700134277344,281.1199951171875,275.7699890136719,278.3999938964844,1052200.0,-0.0080099874915197,277.8179992675781,279.6459991455078,0.0052380257870138,0,0
2023-07-19,276.8900146484375,278.95001220703125,275.8299865722656,276.1700134277344,912300.0,0.0026070941293252,277.6720031738281,278.7459991455078,0.0046568143703263,1,0
2023-07-20,274.70001220703125,279.8999938964844,273.4700012207031,278.0,1570700.0,-0.0079092864514701,277.0180053710937,277.7170013427734,0.005509033988106,0,0
2023-07-21,276.739990234375,278.1199951171875,274.3299865722656,276.1000061035156,2827800.0,0.0074262029002252,276.5800048828125,277.8839996337891,0.0067109599156697,1,0
2023-07-24,277.0,278.4100036621094,275.70001220703125,276.5400085449219,1173500.0,0.0009395453306362,276.3000061035156,277.4260009765625,0.0067943257474131,1,0
2023-07-25,270.3099975585937,280.4200134277344,264.3699951171875,279.8599853515625,2485300.0,-0.0241516333624776,275.1280029296875,276.47300109863284,0.0124473388606821,0,0
2023-07-26,265.25,270.0,263.0899963378906,270.0,1517500.0,-0.0187192394076983,272.8,275.2360015869141,0.0131577250432424,0,0
2023-07-27,262.7900085449219,267.0199890136719,262.3999938964844,265.7300109863281,1283200.0,-0.0092742373424246,270.4179992675781,273.71800231933594,0.013157008835133,0,0
2023-07-28,265.2300109863281,268.260009765625,256.1300048828125,263.29998779296875,3168200.0,0.0092849893910222,268.1160034179687,272.34800415039064,0.0137418124856229,1,0
2023-07-31,270.19000244140625,273.4599914550781,263.5299987792969,264.260009765625,1374500.0,0.0187007173005537,266.75400390625,271.5270050048828,0.0182955957622085,1,0
2023-08-01,269.29998779296875,269.67999267578125,266.489990234375,269.3599853515625,1070600.0,-0.0032940324971146,266.552001953125,270.8400024414062,0.0148409865566757,0,0
2023-08-02,271.5599975585937,275.8699951171875,269.1499938964844,269.70001220703125,1299500.0,0.0083921643819842,267.8140014648437,270.3070007324219,0.0110661531793113,1,0
2023-08-03,267.75,271.1099853515625,266.7799987792969,270.0799865722656,977200.0,-0.014030039743875,268.8059997558594,269.61199951171875,0.0126633278986728,0,0
2023-08-04,268.9200134277344,269.94000244140625,266.67999267578125,267.0400085449219,929600.0,0.0043697980494281,269.54400024414065,268.8300018310547,0.0123182081338181,1,0
2023-08-07,271.2300109863281,271.760009765625,262.9599914550781,262.9599914550781,1232300.0,0.0085899057089497,269.752001953125,268.2530029296875,0.0095885097309363,1,0
2023-08-08,274.1400146484375,278.95001220703125,271.6499938964844,271.8399963378906,1445200.0,0.0107289147374478,270.7200073242187,268.63600463867186,0.010125411093091,1,0
2023-08-09,271.2900085449219,275.6499938964844,270.7099914550781,273.510009765625,613000.0,-0.0103961696623184,270.6660095214844,269.24000549316406,0.011322596624859,0,0
2023-08-10,269.0599975585937,272.57000732421875,268.7699890136719,271.67999267578125,934900.0,-0.0082200262305602,270.92800903320307,269.86700439453125,0.0097274676456812,0,0
2023-08-11,273.67999267578125,276.5199890136719,267.44000244140625,268.0,869700.0,0.0171708732591564,271.8800048828125,270.7120025634766,0.0122013500285927,1,0
2023-08-14,272.739990234375,274.04998779296875,269.9599914550781,274.04998779296875,715600.0,-0.0034346772382438,272.1820007324219,270.9670013427734,0.0121506452659358,0,0
2023-08-15,270.2200012207031,272.2300109863281,266.5,271.5599975585937,763000.0,-0.0092395288696254,271.397998046875,271.0590026855469,0.0114867504809612,0,0
2023-08-16,265.260009765625,271.07000732421875,265.07000732421875,270.4800109863281,645700.0,-0.0183553824020118,270.19199829101564,270.42900390625,0.0132192995202211,0,0
2023-08-17,261.5,265.7900085449219,260.94000244140625,265.260009765625,741800.0,-0.0141748082153326,268.67999877929685,269.80400390625,0.0138985102927141,0,0
2023-08-18,261.1499938964844,262.3999938964844,259.760009765625,259.7900085449219,585600.0,-0.0013384554627748,266.1739990234375,269.027001953125,0.0071336385806324,0,0
2023-08-21,265.07000732421875,266.25,260.4200134277344,260.9200134277344,755300.0,0.0150105821150745,264.64000244140624,268.41100158691404,0.0131570156061019,1,0
2023-08-22,262.9800109863281,265.8500061035156,262.6700134277344,264.07000732421875,655700.0,-0.0078846956658293,263.19200439453124,267.2950012207031,0.0130775349046809,0,0
2023-08-23,264.79998779296875,266.7799987792969,263.989990234375,265.739990234375,544600.0,0.0069205898950823,263.1,266.6459991455078,0.0115938229633591,1,0
2023-08-24,262.42999267578125,266.489990234375,262.3500061035156,263.8299865722656,515700.0,-0.0089501330303702,263.28599853515624,265.9829986572266,0.010179054054022,0,0
2023-08-25,264.42999267578125,264.7900085449219,261.0899963378906,263.0,608100.0,0.0076210801197211,263.94199829101564,265.05799865722656,0.0105026155952494,1,0
2023-08-28,265.04998779296875,266.4700012207031,263.5400085449219,265.3999938964844,359900.0,0.002344647484628,263.9379943847656,264.28899841308595,0.0079646967189436,1,0
2023-08-29,268.0,268.1499938964844,265.1099853515625,265.3500061035156,525000.0,0.0111300220445038,264.9419921875,264.06699829101564,0.0077902346614718,1,0
2023-08-30,267.17999267578125,269.4599914550781,265.25,268.8399963378906,552700.0,-0.0030597288217117,265.4179931640625,264.2589965820313,0.008068639523522,0,0
2023-08-31,267.3599853515625,269.17999267578125,265.32000732421875,266.8299865722656,1012700.0,0.0006736757269083,266.40399169921875,264.8449951171875,0.0056404976541978,1,0
2023-09-01,267.1700134277344,269.7200012207031,266.9100036621094,269.010009765625,522400.0,-0.0007105473303281,266.9519958496094,265.4469970703125,0.0054349460859542,0,0
2023-09-05,266.2900085449219,270.5,266.1099853515625,269.42999267578125,932500.0,-0.0032938010951237,267.2,265.5689971923828,0.0059277814732555,0,0
2023-09-06,263.7200012207031,266.4700012207031,261.5,266.4700012207031,944700.0,-0.0096511594192434,266.3440002441406,265.6429962158203,0.0039638467828248,0,0
2023-09-07,261.3399963378906,263.2699890136719,256.9200134277344,263.2099914550781,1199200.0,-0.009024741664629,265.1760009765625,265.2969970703125,0.0047313006792178,0,0
2023-09-08,258.989990234375,262.70001220703125,258.6199951171875,262.2200012207031,788100.0,-0.0089921410287205,263.502001953125,264.9529968261719,0.0040674125440302,0,0
2023-09-11,258.9200134277344,261.989990234375,258.3299865722656,260.1199951171875,585000.0,-0.0002701911628989,261.852001953125,264.4019989013672,0.0042214800503684,0,0
2023-09-12,258.44000244140625,260.57000732421875,257.8900146484375,258.9200134277344,611200.0,-0.0018538968076413,260.28200073242186,263.7410003662109,0.0045123490054841,0,0
2023-09-13,255.91000366210932,260.0,255.0500030517578,258.6199951171875,623900.0,-0.0097895014525489,258.7200012207031,262.53200073242186,0.004540985727198,0,0
2023-09-14,256.32000732421875,258.8500061035156,256.0,256.6300048828125,652900.0,0.001602140034552,257.71600341796875,261.4460021972656,0.0052020190238652,1,0
2023-09-15,254.7899932861328,257.5799865722656,254.0,256.6300048828125,1353000.0,-0.0059691557208432,256.8760040283203,260.18900299072266,0.0045970188027631,0,0
2023-09-18,253.3000030517578,256.04998779296875,252.6199951171875,254.94000244140625,509800.0,-0.0058479150423372,255.752001953125,258.802001953125,0.0043620449871174,0,0
2023-09-19,256.6700134277344,256.79998779296875,253.3300018310547,253.66000366210932,567000.0,0.0133044229584471,255.39800415039065,257.8400024414062,0.0091686935721804,1,0
2023-09-20,260.5299987792969,262.4800109863281,256.4200134277344,257.32000732421875,1143100.0,0.0150387078724694,256.32200317382814,257.5210021972656,0.0101222509847538,1,0
2023-09-21,258.92999267578125,260.2699890136719,256.7699890136719,258.79998779296875,974600.0,-0.0061413507504409,256.8440002441406,257.2800018310547,0.0110583349403493,0,0
2023-09-22,257.67999267578125,260.7200012207031,257.0899963378906,259.3299865722656,800800.0,-0.0048275597086397,257.4220001220703,257.1490020751953,0.0108606962707713,0,0
2023-09-25,255.0200042724609,257.1000061035156,251.8500061035156,257.1000061035156,766200.0,-0.0103228363820515,257.76600036621096,256.75900115966795,0.0118406975538552,0,0
2023-09-26,258.04998779296875,258.4599914550781,254.0399932861328,254.97000122070312,855900.0,0.0118813562455697,258.0419952392578,256.7199996948242,0.0114953930161689,1,0
2023-09-27,257.5199890136719,261.3800048828125,255.16000366210932,258.44000244140625,806400.0,-0.002053860896603,257.4399932861328,256.8809982299805,0.0084658376890985,0,0
2023-09-28,257.8299865722656,259.3500061035156,256.25,258.4800109863281,641200.0,0.0012037805677962,257.21999206542966,257.03199615478513,0.0082659983060393,1,0
2023-09-29,257.010009765625,259.2300109863281,255.25,258.5299987792969,887600.0,-0.00318030038919,257.08599548339845,257.2539978027344,0.008097643187858,0,0
2023-10-02,252.8600006103516,256.8599853515625,251.0800018310547,255.8500061035156,752400.0,-0.0161472666339257,256.6539947509765,257.2099975585937,0.0100488419676155,0,0
2023-10-03,251.3099975585937,253.75,248.41000366210932,251.9499969482422,830000.0,-0.0061298862928754,255.3059967041016,256.6739959716797,0.0066271072727798,0,0
2023-10-04,257.1600036621094,257.54998779296875,251.5399932861328,252.1300048828125,1034400.0,0.0232780476715881,255.23399963378907,256.3369964599609,0.0145906670381641,1,0
2023-10-05,259.7699890136719,260.1400146484375,255.6499938964844,258.0,814200.0,0.0101492662715616,255.62200012207032,256.42099609375,0.0153345639801453,1,0
2023-10-06,263.25,265.17999267578125,258.760009765625,259.5,1080100.0,0.013396508963724,256.8699981689453,256.9779968261719,0.0158283249741996,1,0
2023-10-09,264.2099914550781,264.8900146484375,260.0,262.9800109863281,612000.0,0.0036466911873813,259.13999633789064,257.8969955444336,0.0109772169683684,1,0
2023-10-10,264.1400146484375,265.19000244140625,262.760009765625,264.4800109863281,689900.0,-0.0002648529915739,261.7059997558593,258.5059982299805,0.0091322010495655,0,0
2023-10-11,266.5199890136719,268.44000244140625,264.8800048828125,265.6000061035156,814100.0,0.0090102757372905,263.5779968261719,259.40599822998047,0.0054479641903117,1,0
2023-10-12,260.989990234375,268.0199890136719,259.3900146484375,266.9200134277344,1553800.0,-0.0207489081766891,263.8219970703125,259.7219985961914,0.0132236291409831,0,0
2023-10-13,262.260009765625,262.3500061035156,258.8099975585937,261.17999267578125,869800.0,0.0048661618405727,263.6239990234375,260.2469985961914,0.0116866739414386,1,0
2023-10-16,267.94000244140625,268.75,261.2200012207031,262.0400085449219,1227100.0,0.0216578680099086,264.3700012207031,261.7549987792969,0.0155108505749952,1,0
2023-10-17,267.42999267578125,269.42999267578125,265.7300109863281,268.1099853515625,623200.0,-0.0019034476411805,265.0279968261719,263.36699829101565,0.0156115279851767,0,0
2023-10-18,263.5,268.1499938964844,263.3099975585937,266.67999267578125,977000.0,-0.0146954073343066,264.4239990234375,264.00099792480466,0.0167287733967902,0,0
2023-10-19,257.29998779296875,263.45001220703125,256.1000061035156,263.45001220703125,1225200.0,-0.0235294580912002,263.6859985351563,263.7539978027344,0.0175281272611864,0,0
2023-10-20,257.45001220703125,260.5,255.4600067138672,258.010009765625,1938400.0,0.0005830719828219,262.7239990234375,263.1739990234375,0.0171655549304694,1,0
2023-10-23,253.38999938964844,256.3399963378906,251.8800048828125,256.3399963378906,963000.0,-0.0157701014755358,259.8139984130859,262.09199981689454,0.0101278348710685,0,0
2023-10-24,252.1100006103516,255.52999877929688,249.41000366210932,253.4199981689453,795700.0,-0.0050514968324718,256.75,260.8889984130859,0.0094940830721307,0,0
2023-10-25,246.72000122070312,250.7400054931641,244.6100006103516,249.88999938964844,1204000.0,-0.0213795540700465,253.3940002441406,258.90899963378905,0.0104455022601318,0,0
2023-10-26,241.0800018310547,249.97000122070312,241.009994506836,248.41000366210932,1364700.0,-0.0228599195920203,250.1500030517578,256.91800079345705,0.0102802292441703,0,0
2023-10-27,234.5200042724609,240.27999877929688,233.759994506836,240.0,1089300.0,-0.0272108740201143,245.56400146484376,254.1440002441406,0.0085364547436293,0,0
2023-10-30,237.2100067138672,237.8699951171875,234.38999938964844,235.32000732421875,857200.0,0.0114702472812557,242.3280029296875,251.0710006713867,0.0160573611322229,1,0
2023-10-31,237.5399932861328,239.0,236.07000732421875,236.69000244140625,681400.0,0.0013911157325823,239.41400146484372,248.08200073242188,0.0170811363183728,1,0
2023-11-01,239.6199951171875,241.0599975585937,235.1000061035156,238.5599975585937,841700.0,0.008756427927272,237.99400024414064,245.69400024414065,0.0181057292190401,1,0
2023-11-02,241.8600006103516,242.5,237.3800048828125,239.6000061035156,802500.0,0.0093481576613363,238.15,244.1500015258789,0.0160870787069628,1,0
2023-11-03,249.5,251.509994506836,243.66000366210932,244.1999969482422,992600.0,0.0315885196823297,241.1459991455078,243.3550003051758,0.0113224018280578,1,0
2023-11-06,248.6300048828125,251.5,247.6499938964844,249.5,1061300.0,-0.003486954377505,243.42999877929688,242.87900085449215,0.0134433231864956,0,0
2023-11-07,245.6100006103516,248.38999938964844,241.5200042724609,246.6000061035156,1483300.0,-0.0121465801116174,245.04400024414065,242.2290008544922,0.0165044315586609,0,0
2023-11-08,231.69000244140625,246.509994506836,229.1000061035156,245.69000244140625,2802000.0,-0.0566752092111622,243.4580017089844,240.7260009765625,0.0326349464387988,0,0
2023-11-09,224.6499938964844,232.1100006103516,222.58999633789065,231.97000122070312,1578000.0,-0.0303854653663886,240.01600036621093,239.08300018310547,0.0327172923201789,0,0
2023-11-10,224.7899932861328,226.9499969482422,221.38999938964844,225.38999938964844,1330300.0,0.000623188931458,235.0739990234375,238.10999908447263,0.0235145903539448,1,0
2023-11-13,222.58999633789065,224.72999572753903,220.8600006103516,223.2400054931641,856400.0,-0.0097868989454606,229.86599731445312,236.647998046875,0.0225289469923847,0,0
2023-11-14,225.259994506836,227.4600067138672,224.0200042724609,226.13999938964844,999700.0,0.0119951400012257,225.79599609375003,235.4199981689453,0.0271868435776917,1,0
2023-11-15,229.6300048828125,231.6699981689453,223.1699981689453,224.42999267578125,1346400.0,0.0193998512054651,225.3839965820313,234.4209991455078,0.0195345061844446,1,0
2023-11-16,229.4600067138672,232.8800048828125,227.8500061035156,231.22000122070312,790700.0,-0.0007403133969015,226.34599914550785,233.18099975585935,0.0114519113079637,0,0
2023-11-17,228.0,230.94000244140625,226.75,230.94000244140625,1447300.0,-0.0063627938252777,226.98800048828124,231.03099975585937,0.0123993476885264,0,0
2023-11-20,230.1100006103516,231.0,228.1300048828125,228.1300048828125,819600.0,0.0092543886418929,228.49200134277345,229.1789993286133,0.0102694212025557,1,0
2023-11-21,229.57000732421875,231.91000366210932,228.8800048828125,230.3999938964844,696100.0,-0.0023466745673831,229.35400390625,227.575,0.010425638886712,0,0
2023-11-22,231.25,231.41000366210932,229.4900054931641,230.9499969482422,505500.0,0.0073179972216868,229.6780029296875,227.53099975585937,0.0066255298925181,1,0
2023-11-24,231.9499969482422,232.47000122070312,229.3699951171875,231.25,396400.0,0.0030270138302364,230.1760009765625,228.2610000610352,0.0065313381331791,1,0
2023-11-27,228.7899932861328,232.25,227.08999633789065,231.25,814900.0,-0.013623641749021,230.33399963378903,228.6610000610352,0.0091765468995572,0,0
2023-11-28,227.41000366210932,227.6499938964844,223.88999938964844,227.6499938964844,802200.0,-0.0060316869815962,229.79400024414065,229.14300079345705,0.0081091082477495,0,0
2023-11-29,232.0599975585937,234.0599975585937,227.4199981689453,228.0,1463600.0,0.0204476224510925,230.29199829101563,229.8230010986328,0.0130191984276919,1,0
2023-11-30,234.0800018310547,235.1100006103516,229.2400054931641,232.67999267578125,1492700.0,0.0087046638529371,230.85799865722657,230.26800079345705,0.0131686572951578,1,0
2023-12-01,234.63999938964844,234.759994506836,231.1100006103516,233.9499969482422,734900.0,0.0023923340490996,231.3959991455078,230.7860000610352,0.0131654235612659,1,0
2023-12-04,232.8500061035156,236.2400054931641,232.32000732421875,234.1100006103516,945600.0,-0.0076286792140684,232.2080017089844,231.27100067138676,0.0115131271158067,0,0
2023-12-05,229.57000732421875,232.47999572753903,229.16000366210932,232.0,861300.0,-0.0140863160546308,232.64000244140624,231.21700134277344,0.0135729182527152,0,0
2023-12-06,233.8699951171875,236.0,229.33999633789065,230.52999877929688,950300.0,0.0187306166127176,233.002001953125,231.64700012207032,0.0129979667835353,1,0
2023-12-07,239.1199951171875,239.92999267578125,235.7400054931641,237.7700042724609,1221300.0,0.0224483692205548,234.0100006103516,232.43399963378903,0.0159810028078334,1,0
2023-12-08,239.2899932861328,240.8099975585937,236.8000030517578,237.6499938964844,988000.0,0.0007109324707956,234.93999938964845,233.16799926757807,0.0160505938128352,1,0
2023-12-11,246.1100006103516,251.19000244140625,242.5,248.0,1428400.0,0.0285010134797558,237.5919982910156,234.9,0.0175496497345015,1,0
2023-12-12,249.0399932861328,250.88999938964844,244.1100006103516,247.5500030517578,1228800.0,0.0119052158324117,241.48599548339843,237.06299896240236,0.0106628028119707,1,0
2023-12-13,255.5599975585937,255.69000244140625,248.759994506836,249.2700042724609,1613100.0,0.0261805511091939,245.8239959716797,239.4129989624024,0.0115436784052431,1,0
2023-12-14,256.5400085449219,261.4599914550781,254.7700042724609,257.0,1913100.0,0.0038347589438501,249.30799865722656,241.65899963378905,0.0126758459382998,1,0
2023-12-15,248.1300048828125,259.8599853515625,248.009994506836,257.3399963378906,3862400.0,-0.0327824252825528,251.0760009765625,243.00800018310548,0.024726076273586,0,0
2023-12-18,250.3300018310547,251.42999267578125,247.0399932861328,249.6999969482422,1641900.0,0.0088663076006516,251.9200012207031,244.75599975585936,0.0219677483568432,1,0
2023-12-19,251.69000244140625,252.8699951171875,249.08999633789065,250.3300018310547,1263400.0,0.0054328310646096,252.45000305175785,246.9679992675781,0.021542652987075,1,0
2023-12-20,248.16000366210932,253.0,248.1000061035156,251.5,755900.0,-0.0140251847314384,250.97000427246093,248.39700012207032,0.0175341758969803,0,0
2023-12-21,253.8600006103516,254.97000122070312,250.02999877929688,250.02999877929688,940000.0,0.0229690395878752,250.4340026855469,249.87100067138672,0.021730720799875,1,0
2023-12-22,257.9700012207031,258.7799987792969,255.19000244140625,255.3099975585937,689600.0,0.0161900283639404,252.402001953125,251.7390014648437,0.0139958388959439,1,0
2023-12-26,260.70001220703125,261.1300048828125,257.79998779296875,258.5,550200.0,0.0105826684242735,254.47600402832032,253.19800262451173,0.0140468305112721,1,0
2023-12-27,261.92999267578125,263.3399963378906,260.6400146484375,261.5899963378906,624300.0,0.004717991603979,256.5240020751953,254.48700256347652,0.0140859989260065,1,0
2023-12-28,260.5799865722656,263.9800109863281,260.2900085449219,262.8599853515625,756000.0,-0.0051540722378695,259.0079986572265,254.9890014648437,0.0107738228680382,0,0
2023-12-29,258.7699890136719,261.0,257.0,260.1600036621094,802800.0,-0.0069460344303601,259.9899963378906,255.21199951171877,0.0099496514662665,0,0
2024-01-02,267.7099914550781,267.989990234375,256.7099914550781,257.5599975585937,1084700.0,0.0345480651581042,261.9379943847656,257.1699981689453,0.0167155716089629,1,0
2024-01-03,263.42999267578125,268.29998779296875,263.3900146484375,268.2699890136719,814300.0,-0.0159874450558751,262.48399047851564,258.479997253418,0.019501581412302,0,0
2024-01-04,260.2799987792969,264.5799865722656,259.6099853515625,264.5799865722656,949000.0,-0.0119576129676367,262.15399169921875,259.33899688720703,0.0203771928129921,0,0
2024-01-05,257.8800048828125,259.92999267578125,255.3800048828125,257.4700012207031,849600.0,-0.0092208156897966,261.61399536132814,260.31099700927734,0.0206587096113811,0,0
2024-01-08,257.9800109863281,258.7099914550781,251.52999877929688,255.0599975585937,1419700.0,0.0003878009214444,261.4559997558593,260.722998046875,0.0204715104364431,1,0
2024-01-09,255.83999633789065,257.2799987792969,253.6100006103516,256.19000244140625,807700.0,-0.0082952731114926,259.0820007324219,260.50999755859374,0.0060466311415495,0,0
2024-01-10,254.22999572753903,255.17999267578125,251.0,254.3600006103516,792900.0,-0.0062929980980193,257.24200134277345,259.86299591064454,0.004643232235211,0,0
2024-01-11,247.2100067138672,252.94000244140625,245.0,252.2899932861328,1196600.0,-0.0276127488166079,254.6280029296875,258.3909973144531,0.0104302033576078,0,0
2024-01-12,248.1199951171875,250.4499969482422,246.72999572753903,248.1699981689453,769600.0,0.0036810338522161,252.6760009765625,257.14499816894534,0.012183646494536,1,0
2024-01-16,246.19000244140625,247.5599975585937,244.0,247.0,1055800.0,-0.0077784649111801,250.31799926757813,255.8869995117188,0.0113602650748679,0,0
2024-01-17,245.2700042724609,246.19000244140625,242.5200042724609,244.7100067138672,773100.0,-0.0037369436606764,248.2040008544922,253.64300079345705,0.0116365528183905,0,0
2024-01-18,246.97000122070312,247.97999572753903,240.8300018310547,243.88999938964844,1172000.0,0.0069311245510224,246.752001953125,251.9970016479492,0.0135636575049328,1,0
2024-01-19,249.9600067138672,251.27999877929688,244.42999267578125,246.9600067138672,2316700.0,0.0121067557937615,247.302001953125,250.96500244140623,0.0080238642537704,1,0
2024-01-22,248.3000030517578,252.1699981689453,247.07000732421875,250.3000030517578,787200.0,-0.006641077042415,247.33800354003907,250.0070022583008,0.0088463526472524,0,0
2024-01-23,251.67999267578125,251.9199981689453,248.009994506836,249.1300048828125,728000.0,0.0136125234896549,248.43600158691407,249.3770004272461,0.0092028753833304,1,0
2024-01-24,247.16000366210932,250.8000030517578,246.97000122070312,248.33999633789065,855100.0,-0.017959270284526,248.81400146484376,248.509001159668,0.0135424649771482,0,0
2024-01-25,246.2100067138672,249.47000122070312,245.2400054931641,247.22000122070312,695900.0,-0.0038436516190576,248.66200256347656,247.7070022583008,0.0133398131861253,0,0
2024-01-26,244.82000732421875,248.07000732421875,244.41000366210932,247.3600006103516,540800.0,-0.0056455844675062,247.63400268554688,247.46800231933597,0.0113437689318388,0,0
2024-01-29,247.5200042724609,248.33999633789065,242.4199981689453,243.41000366210932,681400.0,0.0110284979473369,247.4780029296875,247.4080032348633,0.0129858946486263,1,0
2024-01-30,247.0800018310547,248.3600006103516,243.5800018310547,245.97999572753903,815600.0,-0.0017776439633617,246.5580047607422,247.4970031738281,0.0103409204795262,0,0
2024-01-31,246.66000366210932,251.9900054931641,246.2400054931641,247.6699981689453,1119900.0,-0.0016998468748292,246.4580047607422,247.63600311279296,0.0065873401283716,0,0
2024-02-01,247.8300018310547,249.3300018310547,240.0,245.3999938964844,955500.0,0.0047433639486524,246.7820037841797,247.7220031738281,0.0065804277470625,1,0
2024-02-02,243.72000122070312,246.38999938964844,241.52999877929688,245.92999267578125,861400.0,-0.0165839510147497,246.56200256347657,247.0980026245117,0.010265526021597,0,0
2024-02-05,241.83999633789065,245.22999572753903,240.5,242.2100067138672,858600.0,-0.0077137898957665,245.4260009765625,246.452001953125,0.008015385174019,0,0
2024-02-06,245.5500030517578,245.8800048828125,239.9600067138672,241.0,1304800.0,0.0153407491318502,245.12000122070316,245.83900299072263,0.0121270741944656,1,0
2024-02-07,240.5399932861328,246.44000244140625,240.5399932861328,246.44000244140625,773800.0,-0.0204032160592927,243.8959991455078,245.177001953125,0.0148951459898811,0,0
2024-02-08,240.3000030517578,240.5399932861328,237.5200042724609,239.88999938964844,743700.0,-0.0009977144802257,242.38999938964844,244.58600158691405,0.014167167500888,0,0
2024-02-09,240.97999572753903,241.3600006103516,238.8999938964844,239.8800048828125,689900.0,0.0028297655728066,241.8419982910156,244.2020004272461,0.0131926138768139,1,0
2024-02-12,244.7400054931641,244.9499969482422,239.4499969482422,239.4499969482422,962000.0,0.0156029954033041,242.4220001220703,243.9240005493164,0.0147772641022424,1,0
2024-02-13,226.6499938964844,237.0,225.27999877929688,235.63999938964844,3403600.0,-0.0739152210127124,238.6419982910156,241.88099975585936,0.0351781055720773,0,0
2024-02-14,220.7400054931641,227.9900054931641,220.5599975585937,227.009994506836,2220600.0,-0.0260753962606304,234.68200073242187,239.28899993896485,0.0354709677312492,0,0
2024-02-15,223.3500061035156,225.0,220.07000732421875,221.1499938964844,1307700.0,0.0118238676515405,231.29200134277343,236.84100036621092,0.0372896944141852,1,0
2024-02-16,219.0800018310547,221.75,217.52999877929688,221.1499938964844,1768100.0,-0.0191179948769819,226.91200256347656,234.3770004272461,0.0360937411609641,0,0
2024-02-20,219.2100067138672,220.25,215.67999267578125,217.5599975585937,1919600.0,0.0005934128251137,221.8060028076172,232.1140014648437,0.0330621832679923,1,0
2024-02-21,221.1100006103516,223.41000366210932,219.0,221.4900054931641,1055000.0,0.0086674596883911,220.69800415039063,229.6700012207031,0.0169149301682999,1,0
2024-02-22,222.47999572753903,223.22000122070312,218.69000244140625,221.22999572753903,901100.0,0.0061959889349449,221.04600219726564,227.8640014648437,0.0123069371034309,1,0
2024-02-23,223.32000732421875,225.8000030517578,221.5,223.42999267578125,911000.0,0.0037756724775761,221.04000244140624,226.16600189208984,0.011108758729583,1,0
2024-02-26,223.7100067138672,224.9900054931641,222.0,222.5200042724609,774500.0,0.0017463701274298,221.96600341796875,224.43900299072263,0.0032844293011094,1,0
2024-02-27,223.94000244140625,224.8699951171875,220.1999969482422,223.72000122070312,983100.0,0.0010280976292367,222.91200256347656,222.35900268554687,0.0031689617698354,1,0
2024-02-28,221.7400054931641,224.1199951171875,221.0,222.25,1038400.0,-0.0098240462814043,223.03800354003903,221.86800384521484,0.0061554233517215,0,0
2024-02-29,216.9900054931641,224.0,216.6999969482422,221.759994506836,1917800.0,-0.0214214840909545,221.94000549316405,221.49300384521484,0.01062758090064,0,0
2024-03-01,220.9499969482422,222.0200042724609,215.3500061035156,217.4600067138672,1085400.0,0.0182496490844268,221.46600341796875,221.2530029296875,0.0147618841289375,1,0
2024-03-04,221.0200042724609,222.9199981689453,219.759994506836,221.1699981689453,1083600.0,0.0003168469119061,220.9280029296875,221.4470031738281,0.014683750108438,1,0
2024-03-05,217.22999572753903,221.5,216.5,219.6499938964844,890400.0,-0.0171478077624582,219.58600158691405,221.2490020751953,0.0158481951522556,0,0
2024-03-06,217.5599975585937,219.9900054931641,216.8000030517578,217.47000122070312,1441400.0,0.0015191356513608,218.75,220.89400177001957,0.0159691578487619,1,0
2024-03-07,219.3600006103516,219.9199981689453,216.69000244140625,219.9199981689453,1150300.0,0.0082735938221965,219.2239990234375,220.5820022583008,0.0129693710833289,1,0
2024-03-08,223.2400054931641,228.3600006103516,221.97999572753903,225.4499969482422,1657800.0,0.0176878413202803,219.68200073242187,220.57400207519527,0.012797311466362,1,0
2024-03-11,230.07000732421875,230.22000122070312,223.2400054931641,223.3000030517578,1218200.0,0.0305948829196915,221.49200134277345,221.2100021362305,0.0178794546179543,1,0
2024-03-12,227.3600006103516,229.75,225.3500061035156,229.33999633789065,1068900.0,-0.0117790525822349,223.51800231933595,221.552001953125,0.0160447923599535,0,0
2024-03-13,226.5599975585937,229.8999938964844,224.92999267578125,228.759994506836,1481100.0,-0.0035186622519803,225.31800231933596,222.034001159668,0.0167930904086322,0,0
2024-03-14,219.6199951171875,226.0200042724609,218.5800018310547,225.25,1611500.0,-0.0306320732529641,225.37000122070316,222.2970001220703,0.0241725583321602,0,0
2024-03-15,219.3099975585937,221.3099975585937,216.8000030517578,219.1499938964844,2407100.0,-0.0014115179195244,224.58399963378903,222.13300018310548,0.0222002346948093,0,0
2024-03-18,219.3999938964844,220.5599975585937,217.52999877929688,220.33999633789065,1356500.0,0.0004103613099837,222.4499969482422,221.97099914550785,0.0127584191886189,1,0
2024-03-19,218.6300048828125,219.0200042724609,215.58999633789065,218.3500061035156,1518800.0,-0.0035095215820069,220.7039978027344,222.1110000610352,0.0129058265426188,0,0
2024-03-20,218.1499938964844,219.3600006103516,216.52999877929688,217.17999267578125,945000.0,-0.0021955402991706,219.0219970703125,222.1699996948242,0.0130268206394483,0,0
2024-03-21,220.75,221.7400054931641,217.9499969482422,219.3300018310547,1001100.0,0.0119184330793487,219.247998046875,222.30899963378903,0.0062432669545891,1,0
2024-03-22,218.1000061035156,221.3000030517578,215.3600006103516,221.3000030517578,1070900.0,-0.0120045023623303,219.00599975585936,221.7949996948242,0.0086265885860805,0,0
2024-03-25,216.69000244140625,218.259994506836,215.58999633789065,217.7700042724609,725900.0,-0.0064649409566734,218.46400146484376,220.45699920654295,0.0088747882197412,0,0
2024-03-26,212.0200042724609,216.6699981689453,211.0200042724609,216.1499938964844,1589800.0,-0.0215515165274324,217.14200134277343,218.9229995727539,0.0123859423728532,0,0
2024-03-27,216.33999633789065,216.33999633789065,212.9199981689453,213.75,1250000.0,0.0203753984453196,216.78000183105468,217.9009994506836,0.0172889821101829,1,0
2024-03-28,215.6300048828125,217.57000732421875,214.0,217.3600006103516,1912200.0,-0.003281831686681,215.7560028076172,217.5020004272461,0.0155817650912647,0,0
2024-04-01,214.8300018310547,215.69000244140625,212.5599975585937,215.69000244140625,850300.0,-0.0037100729659241,215.102001953125,217.0540008544922,0.0150260650484789,0,0
2024-04-02,207.63999938964844,213.44000244140625,207.5800018310547,213.08999633789065,1462800.0,-0.0334683348700083,213.29200134277343,215.87800140380855,0.0204790867174491,0,0
2024-04-03,206.3800048828125,208.6999969482422,205.3600006103516,207.7100067138672,904500.0,-0.0060681685154095,212.16400146484372,214.6530014038086,0.0191039789598197,0,0
2024-04-04,205.3000030517578,210.0,205.22000122070312,207.2400054931641,776400.0,-0.0052330739679357,209.9560028076172,213.36800231933597,0.0129713340485651,0,0
2024-04-05,203.8699951171875,205.19000244140625,202.17999267578125,204.27999877929688,954500.0,-0.006965455008833,207.6040008544922,211.68000183105468,0.0125676910685676,0,0
2024-04-08,204.9499969482422,205.7700042724609,202.91000366210932,203.88999938964844,723700.0,0.0052975026091204,205.62799987792968,210.36500091552733,0.0144016443047022,1,0
2024-04-09,206.5200042724609,209.0599975585937,205.0200042724609,205.0200042724609,969000.0,0.007660440827502,205.40400085449215,209.3480010986328,0.006961224917466,1,0
2024-04-10,201.5500030517578,203.9900054931641,200.6499938964844,203.0,900900.0,-0.024065471227408,204.4380004882813,208.3010009765625,0.0125813449518124,0,0
2024-04-11,203.67999267578125,204.7400054931641,200.9199981689453,202.759994506836,1019100.0,0.0105680456054195,204.11399841308597,207.0350006103516,0.0142726059980565,1,0
2024-04-12,198.17999267578125,205.2400054931641,197.77999877929688,204.22999572753903,1245900.0,-0.0270031431548356,202.9759979248047,205.28999938964844,0.0184053448690532,0,0
2024-04-15,196.8000030517578,199.52999877929688,196.3999938964844,198.72999572753903,1159200.0,-0.0069633145374118,201.34599914550785,203.48699951171875,0.0173947372056581,0,0
2024-04-16,195.1499938964844,197.72999572753903,194.94000244140625,196.1999969482422,871900.0,-0.0083841927321487,199.0719970703125,202.23799896240237,0.0151243276797365,0,0
2024-04-17,192.16000366210932,196.3600006103516,192.009994506836,196.3600006103516,1320600.0,-0.015321497965104,197.1939971923828,200.81599884033204,0.0136987660516519,0,0
2024-04-18,190.5200042724609,192.5599975585937,189.5200042724609,191.75,1512000.0,-0.0085345511989695,194.56199951171877,199.33799896240237,0.0083497548967057,0,0
2024-04-19,194.3800048828125,194.52999877929688,189.44000244140625,190.72000122070312,1599600.0,0.0202603428710375,193.802001953125,198.38899993896484,0.0138300553724094,1,0
2024-04-22,194.1100006103516,196.77999877929688,193.22999572753903,196.19000244140625,1119500.0,-0.0013890537384423,193.26400146484372,197.30500030517575,0.0137345070513415,0,0
2024-04-23,193.17999267578125,195.8600006103516,192.75,193.33999633789065,1461700.0,-0.0047911386927312,192.87000122070316,195.97099914550785,0.0134521299280317,0,0
2024-04-24,201.9900054931641,205.75,198.97000122070312,198.97000122070312,3265700.0,0.0456052031856575,194.83600158691405,196.01499938964844,0.0227198051131066,1,0
2024-04-25,202.4600067138672,205.3600006103516,198.1100006103516,201.2100067138672,1590100.0,0.0023268538438601,197.22400207519533,195.89300079345705,0.0209255346698951,1,0
2024-04-26,208.8999938964844,210.8300018310547,199.1000061035156,201.22000122070312,1894100.0,0.0318086879830974,200.1279998779297,196.96500091552736,0.022581490975275,1,0
2024-04-29,215.5,218.8600006103516,208.5399932861328,208.9900054931641,2068000.0,0.0315940942860251,204.40599975585937,198.8350006103516,0.0214934362863919,1,0
2024-04-30,214.82000732421875,217.72999572753903,213.5800018310547,214.66000366210932,1225600.0,-0.0031554184491009,208.73400268554687,200.802001953125,0.0210037346553932,0,1
2024-05-01,216.1300048828125,218.66000366210932,214.6999969482422,215.5599975585937,916300.0,0.0060981170930538,211.56200256347657,203.19900207519527,0.0167284148923828,1,1
2024-05-02,213.509994506836,218.4600067138672,213.13999938964844,217.9900054931641,877700.0,-0.0121223815147606,213.77200012207032,205.4980010986328,0.0201000395182902,0,1
2024-05-03,217.509994506836,217.8800048828125,213.1100006103516,215.3000030517578,1144100.0,0.0187344859861908,215.49400024414064,207.81100006103517,0.0173537981340515,1,1
2024-05-06,221.4199981689453,222.3999938964844,218.2899932861328,219.22999572753903,1199700.0,0.0179762022934832,216.6779998779297,210.54199981689453,0.0133849672539508,1,0
2024-05-07,218.9199981689453,221.97999572753903,216.0800018310547,221.5200042724609,1156400.0,-0.0112907597356788,217.497998046875,213.11600036621093,0.0150873032530082,0,0
2024-05-08,219.72000122070312,221.52999877929688,217.0,218.0,758500.0,0.0036543169123381,218.21599731445312,214.88899993896484,0.0150369469718618,1,0
2024-05-09,222.75,222.91000366210932,218.88999938964844,220.6699981689453,754500.0,0.0137902729039824,220.06399841308595,216.91799926757807,0.0126259488899011,1,0
2024-05-10,221.5,223.9499969482422,220.009994506836,222.759994506836,655200.0,-0.0056116722783389,220.86199951171875,218.1779998779297,0.0124203029029007,0,0
2024-05-13,225.33999633789065,225.5800018310547,221.72000122070312,223.0,1274600.0,0.017336326581899,221.6459991455078,219.1619995117188,0.012238443105737,1,0
2024-05-14,226.8800048828125,227.3000030517578,222.009994506836,226.1000061035156,1126900.0,0.0068341553650006,223.23800048828124,220.3679992675781,0.0089863990095481,1,0
2024-05-15,235.32000732421875,236.8999938964844,228.66000366210932,228.97999572753903,1792600.0,0.0372002920476206,226.3580017089844,222.2869995117188,0.0156951825240271,1,0
2024-05-16,230.0399932861328,234.5800018310547,228.07000732421875,231.6000061035156,936600.0,-0.0224375908284383,227.81600036621091,223.93999938964845,0.0226052392030641,0,0
2024-05-17,230.57000732421875,230.8300018310547,226.42999267578125,229.4199981689453,985100.0,0.0023040082314151,229.6300018310547,225.24600067138672,0.0217931662028466,1,0
2024-05-20,231.5800018310547,232.75,228.97000122070312,230.7100067138672,719100.0,0.0043804244904053,230.8780029296875,226.26200103759768,0.0212046174090117,1,0
2024-05-21,227.69000244140625,231.9499969482422,224.82000732421875,229.2899932861328,761200.0,-0.0167976481513559,231.04000244140624,227.13900146484372,0.0233968011865639,0,0
2024-05-22,225.2100067138672,228.0,223.0200042724609,228.0,1225700.0,-0.0108919834026408,229.01800231933595,227.68800201416016,0.0117397098131925,0,0
2024-05-23,218.0599975585937,223.8500061035156,217.2100067138672,223.5800018310547,1068700.0,-0.0317481858803799,226.6220031738281,227.21900177001956,0.0148041906691627,0,0
2024-05-24,217.8099975585937,219.44000244140625,217.0599975585937,218.2100067138672,770900.0,-0.0011464734605108,224.07000122070312,226.8500015258789,0.0141197662242027,0,0
2024-05-28,218.72999572753903,218.9199981689453,215.1699981689453,216.0,633200.0,0.0042238564770096,221.5,226.18900146484376,0.014076569574429,1,0
2024-05-29,214.41000366210932,216.3999938964844,210.3300018310547,216.3999938964844,980400.0,-0.0197503412874879,218.84400024414057,224.94200134277344,0.0144239777367167,0,0
2024-05-30,220.07000732421875,220.2100067138672,212.8999938964844,214.6300048828125,939900.0,0.0263980391093554,217.8160003662109,223.41700134277343,0.022455687978117,1,0
2024-05-31,224.94000244140625,225.58999633789065,218.02999877929688,219.22999572753903,1872400.0,0.0221292995642643,219.19200134277335,222.9070022583008,0.0186604756354386,1,0
2024-06-03,229.8000030517578,233.19000244140625,224.5800018310547,225.3000030517578,1220700.0,0.0216057640153068,221.59000244140623,222.8300018310547,0.0191370831632931,1,0
2024-06-04,234.1300048828125,234.38999938964844,228.8300018310547,229.82000732421875,1016700.0,0.0188424794323411,224.67000427246091,223.0850021362305,0.0189740587720486,1,0
2024-06-05,236.72000122070312,237.5399932861328,230.38999938964844,234.4499969482422,947800.0,0.0110622145127745,229.1320037841797,223.98800201416012,0.0056848675603565,1,0
2024-06-06,231.9900054931641,236.7100067138672,230.009994506836,235.1000061035156,887200.0,-0.0199813944877816,231.5160034179688,224.66600189208984,0.0177294860323925,0,0
2024-06-07,225.42999267578125,230.9600067138672,224.66000366210932,230.6100006103516,958600.0,-0.0282771354888223,231.6140014648437,225.4030014038086,0.023135244594434,0,0
2024-06-10,225.97999572753903,229.0,224.25,224.5200042724609,918400.0,0.0024397953671977,230.85,226.22000122070312,0.0201963202192582,1,0
2024-06-11,225.7400054931641,228.52999877929688,225.3099975585937,225.72999572753903,937300.0,-0.001061997694098,229.1720001220703,226.92100219726564,0.0163685086694491,0,0
2024-06-12,230.6300048828125,232.33999633789065,226.52999877929688,227.6199951171875,1036700.0,0.0216620858981793,227.9540008544922,228.54300231933595,0.0196722069035376,1,0
2024-06-13,233.83999633789065,234.38999938964844,227.0599975585937,227.72000122070312,994300.0,0.0139183600880952,228.3239990234375,229.9200012207031,0.0190694206596419,1,0
2024-06-14,231.69000244140625,233.7100067138672,230.259994506836,232.5599975585937,747900.0,-0.0091942949459241,229.5760009765625,230.59500122070312,0.0122516819606338,0,0
2024-06-17,226.4600067138672,230.8300018310547,225.6199951171875,230.8300018310547,993500.0,-0.0225732473237023,229.67200317382813,230.2610015869141,0.0177247539447305,0,0
2024-06-18,223.6499938964844,228.5,223.0200042724609,226.58999633789065,757000.0,-0.0124084285704947,229.25400085449215,229.21300048828124,0.0186831860062605,0,0
2024-06-20,225.5800018310547,226.3300018310547,220.3800048828125,220.94000244140625,676200.0,0.0086295908215565,228.24400024414064,228.0990005493164,0.01518792275087,1,0
2024-06-21,224.0,228.1499938964844,222.0500030517578,227.3500061035156,3012500.0,-0.007004175096328,226.2760009765625,227.3,0.0112857655067032,0,0
2024-06-24,226.6000061035156,227.7899932861328,223.6300048828125,225.7400054931641,1000300.0,0.0116071701049802,225.2580017089844,227.41700134277343,0.0143802878533192,1,0
2024-06-25,223.19000244140625,229.52999877929688,222.8300018310547,225.47999572753903,802400.0,-0.0150485594451025,224.6040008544922,227.13800201416012,0.0122292295528887,0,0
2024-06-26,224.4600067138672,225.1100006103516,220.0200042724609,221.7899932861328,861300.0,0.0056902381763015,224.7660034179688,227.01000213623047,0.0113367838370383,1,0
2024-06-27,228.72000122070312,230.1199951171875,222.7899932861328,223.42999267578125,1005400.0,0.0189788576112197,225.39400329589844,226.81900177001955,0.0138054163818931,1,0
2024-06-28,231.82000732421875,235.4900054931641,227.72999572753903,229.5,2242800.0,0.0135537167146317,226.9580047607422,226.61700286865235,0.0131863105463011,1,0
2024-07-01,231.7700042724609,236.8099975585937,230.6499938964844,231.41000366210932,862700.0,-0.0002156977403935,227.99200439453125,226.6250030517578,0.0132038412777578,0,0
2024-07-02,228.82000732421875,233.1699981689453,225.1000061035156,231.7100067138672,860200.0,-0.0127281222499104,229.11800537109372,226.86100311279296,0.0123544042000367,0,0
2024-07-03,224.6100006103516,229.4499969482422,222.7400054931641,229.4499969482422,580700.0,-0.0183987701211019,229.14800415039065,226.95700378417968,0.0161569135667549,0,0
2024-07-05,225.6499938964844,226.4199981689453,223.0500030517578,225.02999877929688,458300.0,0.0046302180815935,228.53400268554688,226.96400299072263,0.0129525912254642,1,0
2024-07-08,228.07000732421875,229.4199981689453,225.8000030517578,226.47000122070312,535600.0,0.0107246332514616,227.78400268554688,227.37100372314453,0.0121027009702953,1,0
2024-07-09,229.0599975585937,229.3300018310547,225.58999633789065,227.7100067138672,518800.0,0.0043407296118846,227.24200134277345,227.61700286865235,0.0125467473197122,1,0
2024-07-10,232.75,232.82000732421875,227.9199981689453,229.8500061035156,522600.0,0.0161093271664005,228.0279998779297,228.57300262451173,0.0131598731680933,1,0
2024-07-11,236.8000030517578,237.97999572753903,232.47000122070312,234.5,667100.0,0.0174006575800551,230.46600036621092,229.8070022583008,0.0061527529059996,1,0
2024-07-12,230.0599975585937,238.0,226.5,237.97999572753903,1473200.0,-0.0284628606685064,231.3480010986328,229.94100189208984,0.0188771357014005,0,0
2024-07-15,221.5800018310547,230.0599975585937,221.2100067138672,230.0599975585937,1381800.0,-0.0368599313984573,230.05,228.91700134277343,0.0254901020444408,0,0
2024-07-16,225.0200042724609,228.57000732421875,220.8099975585937,221.7899932861328,1006200.0,0.0155248777551193,229.24200134277345,228.24200134277345,0.0270140925514454,1,0
2024-07-17,228.3300018310547,230.1000061035156,221.6699981689453,223.38999938964844,949500.0,0.0147097924439905,228.3580017089844,228.19300079345703,0.0267693967471363,1,0
2024-07-18,225.25,231.2700042724609,223.3000030517578,226.0,856200.0,-0.0134892559293791,226.0480010986328,228.2570007324219,0.0241671083395787,0,0
2024-07-19,226.3999938964844,227.6300048828125,222.3800048828125,225.6699981689453,851800.0,0.0051054113051471,225.31600036621091,228.33200073242188,0.0222431167125585,1,0
2024-07-22,226.6300048828125,228.47999572753903,223.6199951171875,227.72999572753903,692400.0,0.0010159496136439,226.3260009765625,228.1880004882813,0.0118519971449191,1,0
2024-07-23,224.2899932861328,228.0500030517578,223.52999877929688,226.2899932861328,854800.0,-0.0103252506122906,226.17999877929688,227.71100006103515,0.0115137539323017,0,0
2024-07-24,226.02999877929688,228.07000732421875,223.1100006103516,224.1000061035156,908400.0,0.0077578382685326,225.71999816894527,227.03899993896485,0.0094354410615341,1,0
2024-07-25,227.44000244140625,236.47999572753903,226.0399932861328,227.1999969482422,1139000.0,0.0062381262209629,226.15799865722656,226.10299987792968,0.0073080350643333,1,0
2024-07-26,211.1699981689453,217.52999877929688,210.0,211.3800048828125,2255900.0,-0.071535367999534,223.11199951171875,224.21399993896483,0.0332802503111992,0,0
2024-07-29,214.42999267578125,215.6100006103516,209.75,210.94000244140625,1538100.0,0.0154377730506385,220.6719970703125,223.4989990234375,0.0353964235953533,1,0
2024-07-30,211.88999938964844,218.0,211.0200042724609,214.2899932861328,1286700.0,-0.0118453265536099,218.19199829101564,222.18599853515624,0.0354012320121423,0,0
2024-07-31,213.1999969482422,217.8300018310547,211.0,212.0,1831600.0,0.0061824416554212,215.6259979248047,220.672998046875,0.0352013349387775,1,0
2024-08-01,210.6999969482422,219.44000244140625,206.0200042724609,215.8000030517578,1892000.0,-0.0117260789670973,212.2779968261719,219.2179977416992,0.0338807250521912,0,0
2024-08-02,205.66000366210932,213.5,203.0200042724609,212.4499969482422,1768700.0,-0.0239202342626084,211.17599792480468,217.1439987182617,0.0157533456030967,0,0
2024-08-05,198.38999938964844,204.82000732421875,196.8999938964844,204.1199951171875,1394300.0,-0.0353496262909983,207.9679992675781,214.3199981689453,0.0155120428035844,0,0
2024-08-06,200.1300048828125,203.8999938964844,198.1499938964844,198.759994506836,1262100.0,0.0087706310727215,205.61600036621093,211.90399932861328,0.0190148664510472,1,0
2024-08-07,199.77999877929688,203.5,198.72999572753903,201.5200042724609,971300.0,-0.0017488936939794,202.93200073242187,209.27899932861328,0.0174693839663883,0,0
2024-08-08,204.07000732421875,204.13999938964844,199.5,199.8300018310547,1198500.0,0.0214736638859487,201.6060028076172,206.9419998168945,0.0233101965695252,1,0
2024-08-09,202.0,204.3600006103516,199.8600006103516,203.1199951171875,586800.0,-0.0101436137106125,200.8740020751953,206.025,0.0214231446858966,0,0
2024-08-12,201.0399932861328,202.97999572753903,199.41000366210932,202.0,821100.0,-0.004752508484491,201.40400085449215,204.68600006103517,0.0125458359328515,0,0
2024-08-13,204.0500030517578,204.97999572753903,201.1000061035156,201.1000061035156,838600.0,0.0149721939223355,202.1880004882813,203.9020004272461,0.0135592037796381,1,0
2024-08-14,200.58999633789065,204.0500030517578,200.3699951171875,203.7400054931641,508800.0,-0.0169566609268293,202.35,202.64100036621093,0.016538388300501,0,0
2024-08-15,201.6300048828125,203.5500030517578,200.5200042724609,202.82000732421875,690400.0,0.0051847478134949,201.86199951171875,201.734001159668,0.0126164302140556,1,0
2024-08-16,201.91000366210932,203.19000244140625,200.5500030517578,201.9900054931641,706000.0,0.0013886761519426,201.84400024414063,201.359001159668,0.0118647161686973,1,0
2024-08-19,206.0599975585937,206.2899932861328,202.47000122070312,202.47000122070312,793300.0,0.0205536814482421,202.8480010986328,202.1260009765625,0.01446139982696,1,0
2024-08-20,205.4900054931641,206.97999572753903,205.1999969482422,205.38999938964844,625900.0,-0.0027661461330822,203.1360015869141,202.6620010375977,0.0135598584046353,0,0
2024-08-21,206.17999267578125,207.58999633789065,204.67999267578125,206.25,601400.0,0.0033577651670271,204.25400085449215,203.3020004272461,0.0088955672495649,1,0
2024-08-22,203.32000732421875,206.759994506836,201.4199981689453,206.759994506836,791500.0,-0.0138713039730282,204.59200134277344,203.22700042724608,0.0124570571189861,0,0
2024-08-23,205.0,205.5399932861328,202.1300048828125,204.5,1127300.0,0.0082628005865763,205.2100006103516,203.5270004272461,0.0127846441783605,1,0
2024-08-26,204.8600006103516,206.22999572753903,204.08999633789065,206.22999572753903,478200.0,-0.0006829238519434,204.97000122070312,203.909001159668,0.0082701560001338,0,0
2024-08-27,203.3000030517578,205.0,201.8800048828125,204.8600006103516,565400.0,-0.0076149446155715,204.53200073242184,203.834001159668,0.0087772529905604,0,0
2024-08-28,204.1999969482422,204.72000122070312,202.92999267578125,203.759994506836,637500.0,0.0044269251498989,204.1360015869141,204.19500122070312,0.0089549762457978,1,0
2024-08-29,204.82000732421875,206.38999938964844,202.759994506836,206.0,520200.0,0.0030362898395817,204.43600158691407,204.51400146484372,0.0060105924915693,1,0
2024-08-30,204.759994506836,205.8800048828125,202.8500061035156,205.82000732421875,879000.0,-0.0002930027108523,204.38800048828125,204.7990005493164,0.0046664230854863,0,0
2024-09-03,204.83999633789065,206.6999969482422,203.5,204.22000122070312,892100.0,0.0003907102617743,204.38399963378907,204.67700042724613,0.0046648157839106,1,0
2024-09-04,204.9499969482422,206.5,203.52999877929688,205.72000122070312,785200.0,0.000537007480561,204.71399841308596,204.62299957275397,0.0020142188485414,1,0
2024-09-05,201.8000030517578,205.19000244140625,198.19000244140625,205.19000244140625,1127600.0,-0.0153695727903809,204.23399963378907,204.1850006103516,0.0073925369056841,0,0
2024-09-06,200.8099975585937,203.2400054931641,198.5500030517578,202.52999877929688,834800.0,-0.0049058745202802,203.43199768066407,203.93399963378909,0.0067761822180062,0,0
2024-09-09,199.2700042724609,201.0599975585937,198.1100006103516,200.44000244140625,883300.0,-0.0076689074491097,202.33399963378903,203.3610000610352,0.0065871999063911,0,0
2024-09-10,200.63999938964844,201.19000244140625,197.82000732421875,199.4900054931641,557400.0,0.0068750694425354,201.49400024414064,202.93899993896488,0.0084015412912149,1,0
2024-09-11,199.08999633789065,199.27999877929688,196.0200042724609,198.9499969482422,795200.0,-0.007725294340475,200.3220001220703,202.51799926757812,0.008065740867775,0,0
2024-09-12,197.88999938964844,199.259994506836,194.8999938964844,199.0500030517578,852100.0,-0.0060274095650973,199.53999938964844,201.8869995117188,0.0061334505747526,0,0
2024-09-13,195.6300048828125,197.6999969482422,192.25,197.66000366210932,1090800.0,-0.0114204584052071,198.50400085449215,200.9679992675781,0.0070295520679465,0,0
2024-09-16,199.5800018310547,199.7400054931641,194.75,197.259994506836,1034500.0,0.0201911611187064,198.56600036621091,200.45,0.0130448221009194,1,0
2024-09-17,198.2100067138672,202.7899932861328,197.08999633789065,199.8300018310547,923900.0,-0.0068643907436537,198.0800018310547,199.7870010375977,0.0127786164755973,0,0
2024-09-18,197.58999633789065,199.77999877929688,196.8099975585937,198.1300048828125,670700.0,-0.0031280478027104,197.78000183105468,199.0510009765625,0.0124582707980432,0,0
2024-09-19,201.44000244140625,204.17999267578125,200.1100006103516,200.57000732421875,1125400.0,0.0194848229914021,198.49000244140623,199.0150009155273,0.0150662259486114,1,0
2024-09-20,199.3600006103516,200.3699951171875,196.97000122070312,200.009994506836,3833500.0,-0.0103256642466517,199.23600158691409,198.87000122070316,0.0147979701816051,0,0
2024-09-23,195.8099975585937,199.1999969482422,195.6699981689453,199.1999969482422,1325400.0,-0.0178069975967563,198.48200073242188,198.5240005493164,0.0140603999551196,0,0
2024-09-24,194.1199951171875,199.9900054931641,193.5399932861328,199.9900054931641,1188000.0,-0.0086308281623899,197.66399841308595,197.87200012207032,0.0141805845123813,0,0
2024-09-25,189.07000732421875,194.5599975585937,188.77999877929688,193.83999633789065,1543800.0,-0.0260147739542242,195.9600006103516,196.87000122070316,0.0171738324568889,0,0
2024-09-26,193.6000061035156,193.72999572753903,190.5,191.1699981689453,818300.0,0.0239593727392666,194.39200134277343,196.44100189208984,0.0190239220663149,1,0
2024-09-27,194.6699981689453,197.6999969482422,193.97999572753903,194.4900054931641,709800.0,0.0055268183455408,193.45400085449216,196.34500122070312,0.019795548111216,1,0
2024-09-30,193.83999633789065,194.47999572753903,192.27999877929688,193.3600006103516,989700.0,-0.004263635068894,193.06000061035155,195.77100067138676,0.0184138313923211,0,0
2024-10-01,190.8000030517578,195.0,190.2700042724609,194.6100006103516,2236300.0,-0.0156830032169094,192.39600219726563,195.03000030517575,0.0193081221151405,0,0
2024-10-02,188.7400054931641,191.8600006103516,188.0500030517578,190.0800018310547,1472500.0,-0.0107966327339885,192.33000183105472,194.14500122070316,0.0156922247099165,0,0
2024-10-03,184.77999877929688,188.13999938964844,183.5599975585937,187.2100067138672,2037000.0,-0.0209812790008138,190.56600036621097,192.4790008544922,0.0103031082621371,0,0
2024-10-04,185.67999267578125,186.8000030517578,183.82000732421875,186.67999267578125,1137200.0,0.0048706239984304,188.76799926757812,191.1110000610352,0.0100695260836932,1,0
2024-10-07,183.33999633789065,185.92999267578125,182.47999572753903,184.759994506836,983400.0,-0.0126023073577803,186.66799926757807,189.86399993896484,0.0096958042989356,0,0
2024-10-08,182.3000030517578,183.5500030517578,181.3099975585937,182.72999572753903,1207700.0,-0.005672484492779,184.9679992675781,188.68200073242187,0.009529106633593,0,0
2024-10-09,185.759994506836,185.8000030517578,181.3099975585937,182.4600067138672,1160900.0,0.0189796565943873,184.3719970703125,188.3509994506836,0.0155538738538637,1,0
2024-10-10,188.58999633789065,188.8800048828125,184.3000030517578,184.5599975585937,1323400.0,0.0152347217632511,185.13399658203124,187.8499984741211,0.0134204074880636,1,0
2024-10-11,188.3800048828125,189.42999267578125,186.91000366210932,189.0,1429500.0,-0.001113481410233,185.6739990234375,187.22099914550785,0.0136069513952219,0,0
2024-10-14,191.5599975585937,191.9600067138672,186.6100006103516,188.58999633789065,1274000.0,0.0168807335882565,187.31799926757813,186.9929992675781,0.0113802473027181,1,0
2024-10-15,191.5500030517578,194.1300048828125,190.6699981689453,191.8699951171875,1429200.0,-5.217428984805039e-05,189.16799926757807,187.06799926757813,0.0097459699482552,0,0
2024-10-16,189.0,192.16000366210932,188.8999938964844,191.67999267578125,985000.0,-0.0133124667769845,189.81600036621091,187.09399871826173,0.0125827773781504,0,0
2024-10-17,189.5500030517578,190.19000244140625,187.6999969482422,188.5500030517578,728900.0,0.0029100690569197,190.0080017089844,187.5709991455078,0.0107963777371832,1,0
2024-10-18,190.16000366210932,191.19000244140625,187.94000244140625,188.22000122070312,928100.0,0.0032181514140359,190.3640014648437,188.0190002441406,0.0107518150344865,1,0
2024-10-21,184.6499938964844,190.3999938964844,184.0200042724609,190.16000366210932,1252500.0,-0.0289756502919275,188.98200073242188,188.15,0.0139048102156048,0,0
2024-10-22,185.8999938964844,186.5399932861328,182.8000030517578,183.8099975585937,830800.0,0.0067695642638405,187.8519989013672,188.50999908447267,0.0150723567777937,1,0
2024-10-23,182.97999572753903,185.82000732421875,182.1100006103516,184.8800048828125,977700.0,-0.0157073602195561,186.647998046875,188.23199920654295,0.0154021212835598,0,0
2024-10-24,183.8600006103516,185.72000122070312,183.27999877929688,184.7899932861328,1057200.0,0.0048092955697895,185.5099975585937,187.75899963378907,0.0157081802513143,1,0
2024-10-25,181.69000244140625,187.5800018310547,181.25,185.6999969482422,1720100.0,-0.0118024483941134,183.8159973144531,187.08999938964843,0.0149268471148505,0,0
2024-10-28,185.009994506836,185.6000061035156,181.72999572753903,182.47999572753903,1893400.0,0.0182728384656187,183.88799743652345,186.43499908447265,0.0140336650014633,1,0
2024-10-29,183.47000122070312,187.27999877929688,183.19000244140625,184.82000732421875,1342700.0,-0.0083238383431006,183.4019989013672,185.6269989013672,0.0139625478605818,0,0
2024-10-30,181.17999267578125,185.0,177.92999267578125,184.6300048828125,1632900.0,-0.0124816511129093,183.0419982910157,184.84499816894527,0.0132594631223052,0,0
2024-10-31,174.0,179.47999572753906,173.8800048828125,178.11000061035156,1755600.0,-0.0396290593113651,181.0699981689453,183.28999786376957,0.0205323438147345,0,0
2024-11-01,173.7899932861328,175.99000549316406,173.13999938964844,173.64999389648438,1456000.0,-0.0012069351371677,179.48999633789063,181.6529968261719,0.0209447229496159,0,0
2024-11-04,173.52000427246094,174.85000610351562,170.7100067138672,173.22000122070312,2494800.0,-0.0015535360153179,177.19199829101564,180.53999786376957,0.0158168288478764,0,0
2024-11-05,176.92999267578125,177.25,170.72000122070312,172.7100067138672,2472200.0,0.0196518460082903,175.88399658203124,179.64299774169922,0.0216115643518752,1,0
2024-11-06,174.39999389648438,179.1999969482422,173.66000366210938,176.8699951171875,1827700.0,-0.0142994341492627,174.5279968261719,178.78499755859374,0.0217408126923365,0,0
2024-11-07,173.9199981689453,176.9499969482422,172.8000030517578,175.69000244140625,1438300.0,-0.0027522691762476,174.51199645996093,177.79099731445314,0.0122689534972809,0,0
2024-11-08,173.0399932861328,175.1999969482422,171.57000732421875,173.5800018310547,1581700.0,-0.0050598257364151,174.36199645996095,176.92599639892578,0.0124803643708415,0,0
2024-11-11,172.02999877929688,173.9199981689453,171.11000061035156,173.9199981689453,1458100.0,-0.0058367692211236,174.06399536132812,175.62799682617188,0.0126900289745065,0,0
2024-11-12,168.27999877929688,171.61000061035156,167.7100067138672,171.36000061035156,1406300.0,-0.0217985236680202,172.33399658203126,174.10899658203124,0.0079363859736365,0,0
2024-11-13,165.7899932861328,168.97999572753906,165.52999877929688,167.74000549316406,1394700.0,-0.0147968000429437,170.61199645996095,172.56999664306642,0.0080073394492562,0,0
2024-11-14,164.88999938964844,175.86000061035156,163.35000610351562,165.0,3210600.0,-0.0054285176001611,168.80599670410157,171.65899658203125,0.0074690180981466,0,0
2024-11-15,159.99000549316406,166.33999633789062,159.60000610351562,165.4600067138672,1916700.0,-0.0297167439785435,166.1959991455078,170.27899780273438,0.0104533880871191,0,0
2024-11-18,157.94000244140625,160.11000061035156,157.39999389648438,158.19000244140625,1633000.0,-0.0128133194660425,163.37799987792968,168.72099761962892,0.0092328651496835,0,0
2024-11-19,155.42999267578125,157.89999389648438,155.27999877929688,157.02000427246094,1296700.0,-0.0158921725137758,160.80799865722656,166.5709976196289,0.0088197751243978,0,0
2024-11-20,156.0,156.17999267578125,153.6199951171875,155.02999877929688,1630700.0,0.0036672930005714,158.85,164.73099822998046,0.0124331736895089,1,0
2024-11-21,158.00999450683594,159.10000610351562,154.74000549316406,157.1699981689453,1885800.0,0.0128845801720252,157.4739990234375,163.13999786376954,0.016797791252363,1,0
2024-11-22,157.89999389648438,159.72000122070312,157.27999877929688,158.10000610351562,1703700.0,-0.0006961623579248,157.05599670410157,161.6259979248047,0.0118708151988188,0,0
2024-11-25,158.7100067138672,160.6300048828125,158.35000610351562,159.99000549316406,2091400.0,0.0051299103780448,157.20999755859376,160.29399871826172,0.0106493493932184,1,0
2024-11-26,157.69000244140625,160.0,156.08999633789062,159.1999969482422,1418000.0,-0.0064268428537078,157.66199951171876,159.23499908447266,0.0071619615050301,0,0
2024-11-27,159.8300018310547,160.72999572753906,158.4499969482422,158.64999389648438,1325100.0,0.0135709262256089,158.4279998779297,158.63899993896484,0.0086401021479224,1,0
2024-11-29,160.6300048828125,161.6699981689453,158.44000244140625,160.72000122070312,1109600.0,0.0050053371869658,158.952001953125,158.21300048828124,0.0074553349108868,1,0
2024-12-02,164.22999572753906,165.2899932861328,160.16000366210938,160.16000366210938,1663600.0,0.0224116960424232,160.21800231933594,158.63699951171876,0.0107709368614374,1,0
2024-12-03,160.85000610351562,163.77000427246094,160.72000122070312,162.6199951171875,1210800.0,-0.0205808300064191,160.64600219726563,158.9279998779297,0.0168618856347574,0,0
2024-12-04,160.9199981689453,161.36000061035156,159.1199951171875,160.85000610351562,1157300.0,0.0004351387178975,161.29200134277343,159.47700042724608,0.0161894057910288,1,0
2024-12-05,159.25999450683594,162.6199951171875,158.30999755859375,161.10000610351562,1037300.0,-0.010315707687037,161.1779998779297,159.8029998779297,0.0162454426058144,0,0
2024-12-06,157.77999877929688,160.8300018310547,157.35000610351562,159.05999755859375,947400.0,-0.0092929535262261,160.60799865722657,159.78000030517578,0.0162685531983211,0,0
2024-12-09,156.4600067138672,160.74000549316406,155.75,157.2100067138672,1483400.0,-0.0083660291268989,159.0540008544922,159.63600158691406,0.0074734352461908,0,0
2024-12-10,156.32000732421875,158.10000610351562,154.99000549316406,157.33999633789062,1863000.0,-0.0008947934529011,158.14800109863282,159.39700164794922,0.0050510112535405,0,0
2024-12-11,157.4600067138672,158.14999389648438,153.69000244140625,156.3699951171875,1395300.0,0.0072927286094863,157.45600280761718,159.3740020751953,0.0074772409136274,1,0
2024-12-12,155.3300018310547,158.1999969482422,155.2100067138672,156.6999969482422,1050600.0,-0.013527275447683,156.67000427246094,158.92400207519532,0.0082223622616584,0,0
2024-12-13,150.02999877929688,154.57000732421875,149.94000244140625,154.57000732421875,1608400.0,-0.0341209231267658,155.12000427246093,157.86400146484374,0.015643243494635,0,0
2024-12-16,150.49000549316406,152.25,148.60000610351562,149.0,1897100.0,0.003066098231087,153.9260040283203,156.49000244140626,0.0167257584739497,1,0
2024-12-17,150.63999938964844,154.24000549316406,149.92999267578125,150.16000366210938,1377800.0,0.0009967033757014,152.79000244140624,155.46900177001953,0.01693643474364,1,0
2024-12-18,146.7899932861328,151.49000549316406,146.57000732421875,150.00999450683594,1495700.0,-0.025557661438627,150.65599975585937,154.05600128173828,0.0162377685127791,0,0
2024-12-19,147.38999938964844,148.25,145.24000549316406,146.60000610351562,1650000.0,0.0040875136654994,149.06799926757813,152.86900177001954,0.0181211277926696,1,0
2024-12-20,146.47000122070312,147.85000610351562,145.07000732421875,145.63999938964844,5776200.0,-0.0062419307466929,148.3559997558594,151.73800201416014,0.012322745654922,0,0
2024-12-23,149.3800048828125,149.9199981689453,145.52000427246094,146.0,1534900.0,0.0198675745057483,148.13399963378907,151.03000183105468,0.0165468953679207,1,0
2024-12-24,149.02000427246094,149.41000366210938,147.07000732421875,148.6699981689453,524900.0,-0.0024099651799716,147.81000061035155,150.3000015258789,0.0164951594933443,0,0
2024-12-26,149.89999389648438,150.67999267578125,147.8300018310547,148.0,846000.0,0.0059051778203851,148.43200073242187,149.54400024414062,0.0100138660023257,1,0
2024-12-27,151.30999755859375,151.8800048828125,148.22999572753906,148.74000549316406,1128500.0,0.0094062956605793,149.21600036621095,149.14199981689453,0.0102725570358343,1,0
2024-12-30,150.19000244140625,151.17999267578125,148.19000244140625,150.9199981689453,1163700.0,-0.0074019901874216,149.96000061035156,149.15800018310546,0.010606242892726,0,0
